SET NAMES utf8;
USE `Questionnaire`;

INSERT INTO `Persons` (`Id`, `Created`, `Sex`, `Age`, `Education`, `Job`) VALUES
(1,		"2016-08-25 13:33:57",	'F',	6,	'elementary',	'student'),
(2,		'2016-08-26 15:35:38',	'M',	7,	'elementary',	'student'),
(3,		'2016-08-26 16:36:21',	'F',	8,	'elementary',	'student'),
(4,		'2016-08-27 08:38:20',	'M',	9,	'elementary',	'student'),
(5,		'2016-08-27 10:29:55',	'F',	10,	'elementary',	'student'),
(6,		'2016-08-28 12:40:33',	'M',	11,	'elementary',	'student'),
(7,		'2016-08-28 18:41:44',	'F',	12,	'elementary',	'student'),
(8,		'2016-08-30 16:43:19',	'M',	13,	'elementary',	'student'),
(9,		'2016-08-30 19:44:40',	'F',	14,	'elementary',	'student'),
(10,	'2016-08-01 12:46:25',	'M',	15,	'elementary',	'student'),
(11,	'2016-08-01 13:48:17',	'F',	16,	'elementary',	'no-job'),
(12,	'2016-08-01 16:50:38',	'M',	17,	'middle-graduation',	'student'),
(13,	'2016-08-01 19:52:14',	'F',	18,	'grammar-school',	'student'),
(14,	'2016-08-01 20:54:43',	'M',	19,	'grammar-school',	'student'),
(15,	'2016-08-02 12:56:36',	'F',	20,	'middle-graduation',	'no-job'),
(16,	'2016-08-02 14:58:43',	'M',	21,	'middle-graduation',	'employed'),
(17,	'2016-08-03 08:00:04',	'F',	22,	'grammar-school',	'employed'),
(18,	'2016-08-03 08:00:46',	'M',	23,	'collage-bachelor',	'student'),
(19,	'2016-08-03 09:01:32',	'F',	24,	'collage-bachelor',	'employed'),
(20,	'2016-08-03 10:03:01',	'M',	25,	'collage-magister',	'student'),
(21,	'2016-08-04 18:04:23',	'F',	26,	'collage-magister',	'student'),
(22,	'2016-08-05 17:05:52',	'M',	27,	'higher-vocational',	'businessman'),
(23,	'2016-08-05 18:07:08',	'O',	28,	'collage-magister',	'businessman'),
(24,	'2016-08-06 10:08:29',	'M',	29,	'middle-apprenticeship',	'employed'),
(25,	'2016-08-06 17:09:11',	'F',	30,	'higher-vocational',	'businessman'),
(26,	'2016-08-06 18:10:45',	'M',	31,	'collage-doctor',	'employed'),
(27,	'2016-08-06 20:33:22',	'F',	32,	'higher-vocational',	'no-job'),
(28,	'2016-08-08 20:35:38',	'M',	33,	'middle-graduation',	'employed'),
(29,	'2016-08-08 22:36:21',	'F',	34,	'higher-vocational',	'business-company'),
(30,	'2016-08-10 09:38:20',	'M',	35,	'middle-apprenticeship',	'employed'),
(31,	'2016-08-10 10:39:50',	'F',	36,	'middle-graduation',	'business-company'),
(32,	'2016-08-12 16:40:33',	'M',	37,	'collage-magister',	'businessman'),
(33,	'2016-08-12 19:41:44',	'F',	38,	'middle-graduation',	'business-company'),
(34,	'2016-08-12 19:43:19',	'M',	39,	'middle-graduation',	'employed'),
(35,	'2016-08-13 09:44:40',	'F',	40,	'higher-vocational',	'businessman'),
(36,	'2016-08-13 19:46:25',	'M',	41,	'elementary',	'no-job'),
(37,	'2016-08-14 20:48:17',	'F',	42,	'middle-apprenticeship',	'no-job'),
(38,	'2016-08-15 10:50:38',	'M',	43,	'middle-graduation',	'student'),
(39,	'2016-08-15 17:52:14',	'F',	44,	'grammar-school',	'student'),
(40,	'2016-08-15 18:54:43',	'M',	45,	'grammar-school',	'student'),
(41,	'2016-08-15 23:56:36',	'F',	46,	'middle-graduation',	'no-job'),
(42,	'2016-08-16 08:58:43',	'M',	47,	'middle-graduation',	'employed'),
(43,	'2016-08-16 12:00:04',	'F',	48,	'grammar-school',	'employed'),
(44,	'2016-08-16 19:00:46',	'M',	49,	'collage-bachelor',	'student'),
(45,	'2016-08-17 10:01:32',	'F',	50,	'collage-bachelor',	'employed'),
(46,	'2016-08-17 11:03:01',	'M',	51,	'collage-magister',	'student'),
(47,	'2016-08-17 18:04:23',	'F',	52,	'collage-magister',	'student'),
(48,	'2016-08-18 14:05:52',	'M',	53,	'higher-vocational',	'businessman'),
(49,	'2016-08-18 16:07:08',	'O',	54,	'collage-magister',	'businessman'),
(50,	'2016-08-19 18:08:29',	'M',	55,	'middle-apprenticeship',	'employed');

INSERT INTO `Answers` (`IdQuestionnaire`, `IdQuestion`, `IdPerson`, `Option`, `Boolean`, `Integer`, `Float`, `Varchar`, `Text`) VALUES
(0,	0,	1,	0,	NULL,	1,	NULL,	NULL,	NULL),
(0,	0,	1,	1,	NULL,	2,	NULL,	NULL,	NULL),
(0,	0,	1,	2,	NULL,	3,	NULL,	NULL,	NULL),
(0,	0,	1,	3,	NULL,	0,	NULL,	NULL,	NULL),
(0,	0,	1,	4,	NULL,	4,	NULL,	NULL,	NULL),
(0,	0,	2,	0,	NULL,	3,	NULL,	NULL,	NULL),
(0,	0,	2,	1,	NULL,	0,	NULL,	NULL,	NULL),
(0,	0,	2,	2,	NULL,	1,	NULL,	NULL,	NULL),
(0,	0,	2,	3,	NULL,	2,	NULL,	NULL,	NULL),
(0,	0,	2,	4,	NULL,	4,	NULL,	NULL,	NULL),
(0,	0,	3,	0,	NULL,	3,	NULL,	NULL,	NULL),
(0,	0,	3,	3,	NULL,	2,	NULL,	NULL,	NULL),
(0,	0,	3,	4,	NULL,	4,	NULL,	NULL,	NULL),
(0,	0,	4,	0,	NULL,	3,	NULL,	NULL,	NULL),
(0,	0,	4,	3,	NULL,	2,	NULL,	NULL,	NULL),
(0,	0,	4,	4,	NULL,	4,	NULL,	NULL,	NULL),
(0,	0,	5,	0,	NULL,	3,	NULL,	NULL,	NULL),
(0,	0,	5,	3,	NULL,	2,	NULL,	NULL,	NULL),
(0,	0,	5,	4,	NULL,	4,	NULL,	NULL,	NULL),
(0,	0,	6,	0,	NULL,	3,	NULL,	NULL,	NULL),
(0,	0,	6,	4,	NULL,	4,	NULL,	NULL,	NULL),
(0,	0,	7,	3,	NULL,	2,	NULL,	NULL,	NULL),
(0,	0,	7,	4,	NULL,	4,	NULL,	NULL,	NULL),
(0,	0,	8,	4,	NULL,	4,	NULL,	NULL,	NULL),
(0,	0,	9,	0,	NULL,	3,	NULL,	NULL,	NULL),
(0,	0,	9,	3,	NULL,	2,	NULL,	NULL,	NULL),
(0,	0,	9,	4,	NULL,	4,	NULL,	NULL,	NULL),
(0,	0,	10,	0,	NULL,	3,	NULL,	NULL,	NULL),
(0,	0,	10,	3,	NULL,	2,	NULL,	NULL,	NULL),
(0,	0,	10,	4,	NULL,	4,	NULL,	NULL,	NULL),
(0,	0,	11,	1,	NULL,	2,	NULL,	NULL,	NULL),
(0,	0,	11,	2,	NULL,	4,	NULL,	NULL,	NULL),
(0,	0,	11,	3,	NULL,	2,	NULL,	NULL,	NULL),
(0,	0,	12,	0,	NULL,	3,	NULL,	NULL,	NULL),
(0,	0,	12,	1,	NULL,	1,	NULL,	NULL,	NULL),
(0,	0,	12,	2,	NULL,	0,	NULL,	NULL,	NULL),
(0,	0,	12,	3,	NULL,	2,	NULL,	NULL,	NULL),
(0,	0,	12,	4,	NULL,	4,	NULL,	NULL,	NULL),
(0,	0,	13,	0,	NULL,	3,	NULL,	NULL,	NULL),
(0,	0,	13,	3,	NULL,	2,	NULL,	NULL,	NULL),
(0,	0,	13,	4,	NULL,	4,	NULL,	NULL,	NULL),
(0,	0,	14,	0,	NULL,	3,	NULL,	NULL,	NULL),
(0,	0,	14,	1,	NULL,	0,	NULL,	NULL,	NULL),
(0,	0,	14,	2,	NULL,	1,	NULL,	NULL,	NULL),
(0,	0,	14,	3,	NULL,	2,	NULL,	NULL,	NULL),
(0,	0,	14,	4,	NULL,	4,	NULL,	NULL,	NULL),
(0,	0,	15,	0,	NULL,	3,	NULL,	NULL,	NULL),
(0,	0,	15,	1,	NULL,	0,	NULL,	NULL,	NULL),
(0,	0,	15,	2,	NULL,	1,	NULL,	NULL,	NULL),
(0,	0,	15,	3,	NULL,	2,	NULL,	NULL,	NULL),
(0,	0,	15,	4,	NULL,	4,	NULL,	NULL,	NULL),
(0,	0,	16,	0,	NULL,	3,	NULL,	NULL,	NULL),
(0,	0,	16,	3,	NULL,	2,	NULL,	NULL,	NULL),
(0,	0,	16,	4,	NULL,	4,	NULL,	NULL,	NULL),
(0,	0,	17,	0,	NULL,	0,	NULL,	NULL,	NULL),
(0,	0,	17,	1,	NULL,	1,	NULL,	NULL,	NULL),
(0,	0,	17,	2,	NULL,	3,	NULL,	NULL,	NULL),
(0,	0,	17,	3,	NULL,	2,	NULL,	NULL,	NULL),
(0,	0,	17,	4,	NULL,	4,	NULL,	NULL,	NULL),
(0,	0,	18,	3,	NULL,	2,	NULL,	NULL,	NULL),
(0,	0,	18,	4,	NULL,	4,	NULL,	NULL,	NULL),
(0,	0,	19,	3,	NULL,	2,	NULL,	NULL,	NULL),
(0,	0,	20,	4,	NULL,	4,	NULL,	NULL,	NULL),
(0,	0,	21,	2,	NULL,	3,	NULL,	NULL,	NULL),
(0,	0,	21,	3,	NULL,	2,	NULL,	NULL,	NULL),
(0,	0,	21,	4,	NULL,	4,	NULL,	NULL,	NULL),
(0,	0,	22,	0,	NULL,	3,	NULL,	NULL,	NULL),
(0,	0,	22,	1,	NULL,	0,	NULL,	NULL,	NULL),
(0,	0,	22,	2,	NULL,	1,	NULL,	NULL,	NULL),
(0,	0,	22,	3,	NULL,	2,	NULL,	NULL,	NULL),
(0,	0,	22,	4,	NULL,	4,	NULL,	NULL,	NULL),
(0,	0,	23,	0,	NULL,	1,	NULL,	NULL,	NULL),
(0,	0,	23,	3,	NULL,	2,	NULL,	NULL,	NULL),
(0,	0,	23,	4,	NULL,	4,	NULL,	NULL,	NULL),
(0,	0,	24,	0,	NULL,	2,	NULL,	NULL,	NULL),
(0,	0,	24,	1,	NULL,	0,	NULL,	NULL,	NULL),
(0,	0,	24,	2,	NULL,	3,	NULL,	NULL,	NULL),
(0,	0,	24,	3,	NULL,	1,	NULL,	NULL,	NULL),
(0,	0,	24,	4,	NULL,	4,	NULL,	NULL,	NULL),
(0,	0,	25,	0,	NULL,	3,	NULL,	NULL,	NULL),
(0,	0,	25,	3,	NULL,	2,	NULL,	NULL,	NULL),
(0,	0,	25,	4,	NULL,	4,	NULL,	NULL,	NULL),
(0,	0,	26,	0,	NULL,	3,	NULL,	NULL,	NULL),
(0,	0,	26,	1,	NULL,	1,	NULL,	NULL,	NULL),
(0,	0,	26,	2,	NULL,	2,	NULL,	NULL,	NULL),
(0,	0,	26,	3,	NULL,	0,	NULL,	NULL,	NULL),
(0,	0,	26,	4,	NULL,	4,	NULL,	NULL,	NULL),
(0,	0,	27,	0,	NULL,	3,	NULL,	NULL,	NULL),
(0,	0,	27,	1,	NULL,	0,	NULL,	NULL,	NULL),
(0,	0,	27,	2,	NULL,	1,	NULL,	NULL,	NULL),
(0,	0,	27,	3,	NULL,	2,	NULL,	NULL,	NULL),
(0,	0,	27,	4,	NULL,	4,	NULL,	NULL,	NULL),
(0,	0,	28,	0,	NULL,	4,	NULL,	NULL,	NULL),
(0,	0,	28,	1,	NULL,	0,	NULL,	NULL,	NULL),
(0,	0,	28,	2,	NULL,	2,	NULL,	NULL,	NULL),
(0,	0,	28,	3,	NULL,	1,	NULL,	NULL,	NULL),
(0,	0,	28,	4,	NULL,	3,	NULL,	NULL,	NULL),
(0,	0,	29,	0,	NULL,	3,	NULL,	NULL,	NULL),
(0,	0,	29,	1,	NULL,	0,	NULL,	NULL,	NULL),
(0,	0,	29,	2,	NULL,	1,	NULL,	NULL,	NULL),
(0,	0,	29,	3,	NULL,	2,	NULL,	NULL,	NULL),
(0,	0,	29,	4,	NULL,	4,	NULL,	NULL,	NULL),
(0,	0,	30,	0,	NULL,	1,	NULL,	NULL,	NULL),
(0,	0,	30,	1,	NULL,	4,	NULL,	NULL,	NULL),
(0,	0,	30,	2,	NULL,	3,	NULL,	NULL,	NULL),
(0,	0,	30,	3,	NULL,	0,	NULL,	NULL,	NULL),
(0,	0,	30,	4,	NULL,	2,	NULL,	NULL,	NULL),
(0,	0,	31,	0,	NULL,	3,	NULL,	NULL,	NULL),
(0,	0,	31,	1,	NULL,	0,	NULL,	NULL,	NULL),
(0,	0,	31,	2,	NULL,	1,	NULL,	NULL,	NULL),
(0,	0,	31,	3,	NULL,	2,	NULL,	NULL,	NULL),
(0,	0,	31,	4,	NULL,	4,	NULL,	NULL,	NULL),
(0,	0,	32,	0,	NULL,	3,	NULL,	NULL,	NULL),
(0,	0,	32,	1,	NULL,	1,	NULL,	NULL,	NULL),
(0,	0,	32,	2,	NULL,	0,	NULL,	NULL,	NULL),
(0,	0,	32,	3,	NULL,	2,	NULL,	NULL,	NULL),
(0,	0,	32,	4,	NULL,	4,	NULL,	NULL,	NULL),
(0,	0,	33,	3,	NULL,	2,	NULL,	NULL,	NULL),
(0,	0,	33,	4,	NULL,	4,	NULL,	NULL,	NULL),
(0,	0,	34,	3,	NULL,	2,	NULL,	NULL,	NULL),
(0,	0,	35,	4,	NULL,	4,	NULL,	NULL,	NULL),
(0,	0,	36,	1,	NULL,	0,	NULL,	NULL,	NULL),
(0,	0,	36,	3,	NULL,	2,	NULL,	NULL,	NULL),
(0,	0,	36,	4,	NULL,	4,	NULL,	NULL,	NULL),
(0,	0,	37,	0,	NULL,	3,	NULL,	NULL,	NULL),
(0,	0,	37,	1,	NULL,	0,	NULL,	NULL,	NULL),
(0,	0,	37,	2,	NULL,	1,	NULL,	NULL,	NULL),
(0,	0,	37,	3,	NULL,	2,	NULL,	NULL,	NULL),
(0,	0,	37,	4,	NULL,	4,	NULL,	NULL,	NULL),
(0,	0,	38,	1,	NULL,	0,	NULL,	NULL,	NULL),
(0,	0,	38,	3,	NULL,	2,	NULL,	NULL,	NULL),
(0,	0,	38,	4,	NULL,	4,	NULL,	NULL,	NULL),
(0,	0,	39,	0,	NULL,	3,	NULL,	NULL,	NULL),
(0,	0,	39,	2,	NULL,	0,	NULL,	NULL,	NULL),
(0,	0,	39,	4,	NULL,	4,	NULL,	NULL,	NULL),
(0,	0,	40,	0,	NULL,	3,	NULL,	NULL,	NULL),
(0,	0,	40,	3,	NULL,	2,	NULL,	NULL,	NULL),
(0,	0,	40,	4,	NULL,	4,	NULL,	NULL,	NULL),
(0,	0,	41,	0,	NULL,	3,	NULL,	NULL,	NULL),
(0,	0,	41,	2,	NULL,	1,	NULL,	NULL,	NULL),
(0,	0,	41,	4,	NULL,	4,	NULL,	NULL,	NULL),
(0,	0,	42,	0,	NULL,	3,	NULL,	NULL,	NULL),
(0,	0,	42,	1,	NULL,	0,	NULL,	NULL,	NULL),
(0,	0,	42,	4,	NULL,	4,	NULL,	NULL,	NULL),
(0,	0,	43,	1,	NULL,	0,	NULL,	NULL,	NULL),
(0,	0,	43,	2,	NULL,	1,	NULL,	NULL,	NULL),
(0,	0,	43,	4,	NULL,	4,	NULL,	NULL,	NULL),
(0,	0,	44,	0,	NULL,	3,	NULL,	NULL,	NULL),
(0,	0,	44,	3,	NULL,	0,	NULL,	NULL,	NULL),
(0,	0,	44,	4,	NULL,	4,	NULL,	NULL,	NULL),
(0,	0,	45,	0,	NULL,	0,	NULL,	NULL,	NULL),
(0,	0,	45,	3,	NULL,	1,	NULL,	NULL,	NULL),
(0,	0,	45,	4,	NULL,	4,	NULL,	NULL,	NULL),
(0,	0,	46,	3,	NULL,	2,	NULL,	NULL,	NULL),
(0,	0,	48,	1,	NULL,	0,	NULL,	NULL,	NULL),
(0,	0,	48,	2,	NULL,	1,	NULL,	NULL,	NULL),
(0,	0,	48,	3,	NULL,	2,	NULL,	NULL,	NULL),
(0,	0,	49,	1,	NULL,	0,	NULL,	NULL,	NULL),
(0,	0,	49,	2,	NULL,	1,	NULL,	NULL,	NULL),
(0,	0,	49,	3,	NULL,	2,	NULL,	NULL,	NULL),
(0,	0,	49,	4,	NULL,	4,	NULL,	NULL,	NULL),
(0,	0,	50,	0,	NULL,	3,	NULL,	NULL,	NULL),
(0,	0,	50,	3,	NULL,	1,	NULL,	NULL,	NULL),
(0,	0,	50,	4,	NULL,	4,	NULL,	NULL,	NULL),
(0,	1,	1,	NULL,	0,	NULL,	NULL,	NULL,	NULL),
(0,	1,	2,	NULL,	0,	NULL,	NULL,	NULL,	NULL),
(0,	1,	3,	NULL,	0,	NULL,	NULL,	NULL,	NULL),
(0,	1,	4,	NULL,	0,	NULL,	NULL,	NULL,	NULL),
(0,	1,	5,	NULL,	0,	NULL,	NULL,	NULL,	NULL),
(0,	1,	6,	NULL,	0,	NULL,	NULL,	NULL,	NULL),
(0,	1,	7,	NULL,	0,	NULL,	NULL,	NULL,	NULL),
(0,	1,	8,	NULL,	0,	NULL,	NULL,	NULL,	NULL),
(0,	1,	9,	NULL,	0,	NULL,	NULL,	NULL,	NULL),
(0,	1,	10,	NULL,	0,	NULL,	NULL,	NULL,	NULL),
(0,	1,	12,	NULL,	0,	NULL,	NULL,	NULL,	NULL),
(0,	1,	13,	NULL,	1,	NULL,	NULL,	NULL,	NULL),
(0,	1,	14,	NULL,	0,	NULL,	NULL,	NULL,	NULL),
(0,	1,	15,	NULL,	1,	NULL,	NULL,	NULL,	NULL),
(0,	1,	16,	NULL,	0,	NULL,	NULL,	NULL,	NULL),
(0,	1,	18,	NULL,	0,	NULL,	NULL,	NULL,	NULL),
(0,	1,	19,	NULL,	0,	NULL,	NULL,	NULL,	NULL),
(0,	1,	20,	NULL,	0,	NULL,	NULL,	NULL,	NULL),
(0,	1,	21,	NULL,	1,	NULL,	NULL,	NULL,	NULL),
(0,	1,	22,	NULL,	0,	NULL,	NULL,	NULL,	NULL),
(0,	1,	23,	NULL,	1,	NULL,	NULL,	NULL,	NULL),
(0,	1,	24,	NULL,	0,	NULL,	NULL,	NULL,	NULL),
(0,	1,	26,	NULL,	0,	NULL,	NULL,	NULL,	NULL),
(0,	1,	27,	NULL,	0,	NULL,	NULL,	NULL,	NULL),
(0,	1,	28,	NULL,	0,	NULL,	NULL,	NULL,	NULL),
(0,	1,	29,	NULL,	1,	NULL,	NULL,	NULL,	NULL),
(0,	1,	30,	NULL,	0,	NULL,	NULL,	NULL,	NULL),
(0,	1,	32,	NULL,	0,	NULL,	NULL,	NULL,	NULL),
(0,	1,	33,	NULL,	1,	NULL,	NULL,	NULL,	NULL),
(0,	1,	34,	NULL,	1,	NULL,	NULL,	NULL,	NULL),
(0,	1,	35,	NULL,	0,	NULL,	NULL,	NULL,	NULL),
(0,	1,	36,	NULL,	0,	NULL,	NULL,	NULL,	NULL),
(0,	1,	37,	NULL,	1,	NULL,	NULL,	NULL,	NULL),
(0,	1,	38,	NULL,	0,	NULL,	NULL,	NULL,	NULL),
(0,	1,	39,	NULL,	1,	NULL,	NULL,	NULL,	NULL),
(0,	1,	40,	NULL,	0,	NULL,	NULL,	NULL,	NULL),
(0,	1,	41,	NULL,	1,	NULL,	NULL,	NULL,	NULL),
(0,	1,	42,	NULL,	0,	NULL,	NULL,	NULL,	NULL),
(0,	1,	44,	NULL,	0,	NULL,	NULL,	NULL,	NULL),
(0,	1,	45,	NULL,	1,	NULL,	NULL,	NULL,	NULL),
(0,	1,	46,	NULL,	0,	NULL,	NULL,	NULL,	NULL),
(0,	1,	47,	NULL,	0,	NULL,	NULL,	NULL,	NULL),
(0,	1,	48,	NULL,	0,	NULL,	NULL,	NULL,	NULL),
(0,	1,	49,	NULL,	0,	NULL,	NULL,	NULL,	NULL),
(0,	1,	50,	NULL,	0,	NULL,	NULL,	NULL,	NULL),
(0,	2,	13,	NULL,	NULL,	NULL,	NULL,	'Virtual Box',	NULL),
(0,	2,	15,	NULL,	NULL,	NULL,	NULL,	'Deamontools',	NULL),
(0,	2,	21,	NULL,	NULL,	NULL,	NULL,	'Virtual Box',	NULL),
(0,	2,	21,	NULL,	NULL,	NULL,	NULL,	'VMWare',	NULL),
(0,	2,	23,	NULL,	NULL,	NULL,	NULL,	'Virtual soft',	NULL),
(0,	2,	29,	NULL,	NULL,	NULL,	NULL,	'Virtual Box',	NULL),
(0,	2,	33,	NULL,	NULL,	NULL,	NULL,	'Virtual Box',	NULL),
(0,	2,	34,	NULL,	NULL,	NULL,	NULL,	'ParalelsDektop',	NULL),
(0,	2,	37,	NULL,	NULL,	NULL,	NULL,	'Virtual Box',	NULL),
(0,	2,	37,	NULL,	NULL,	NULL,	NULL,	'VMWare',	NULL),
(0,	2,	39,	NULL,	NULL,	NULL,	NULL,	'VMware',	NULL),
(0,	2,	41,	NULL,	NULL,	NULL,	NULL,	'Virtual Box',	NULL),
(0,	2,	45,	NULL,	NULL,	NULL,	NULL,	'Vmware',	NULL),
(0,	3,	1,	NULL,	0,	NULL,	NULL,	NULL,	NULL),
(0,	3,	2,	NULL,	0,	NULL,	NULL,	NULL,	NULL),
(0,	3,	3,	NULL,	0,	NULL,	NULL,	NULL,	NULL),
(0,	3,	5,	NULL,	0,	NULL,	NULL,	NULL,	NULL),
(0,	3,	6,	NULL,	0,	NULL,	NULL,	NULL,	NULL),
(0,	3,	7,	NULL,	1,	NULL,	NULL,	NULL,	NULL),
(0,	3,	8,	NULL,	0,	NULL,	NULL,	NULL,	NULL),
(0,	3,	9,	NULL,	1,	NULL,	NULL,	NULL,	NULL),
(0,	3,	11,	NULL,	1,	NULL,	NULL,	NULL,	NULL),
(0,	3,	12,	NULL,	0,	NULL,	NULL,	NULL,	NULL),
(0,	3,	13,	NULL,	1,	NULL,	NULL,	NULL,	NULL),
(0,	3,	14,	NULL,	0,	NULL,	NULL,	NULL,	NULL),
(0,	3,	15,	NULL,	1,	NULL,	NULL,	NULL,	NULL),
(0,	3,	16,	NULL,	0,	NULL,	NULL,	NULL,	NULL),
(0,	3,	17,	NULL,	1,	NULL,	NULL,	NULL,	NULL),
(0,	3,	18,	NULL,	1,	NULL,	NULL,	NULL,	NULL),
(0,	3,	19,	NULL,	1,	NULL,	NULL,	NULL,	NULL),
(0,	3,	20,	NULL,	0,	NULL,	NULL,	NULL,	NULL),
(0,	3,	21,	NULL,	1,	NULL,	NULL,	NULL,	NULL),
(0,	3,	22,	NULL,	1,	NULL,	NULL,	NULL,	NULL),
(0,	3,	23,	NULL,	1,	NULL,	NULL,	NULL,	NULL),
(0,	3,	25,	NULL,	1,	NULL,	NULL,	NULL,	NULL),
(0,	3,	26,	NULL,	0,	NULL,	NULL,	NULL,	NULL),
(0,	3,	27,	NULL,	1,	NULL,	NULL,	NULL,	NULL),
(0,	3,	28,	NULL,	1,	NULL,	NULL,	NULL,	NULL),
(0,	3,	29,	NULL,	1,	NULL,	NULL,	NULL,	NULL),
(0,	3,	30,	NULL,	1,	NULL,	NULL,	NULL,	NULL),
(0,	3,	31,	NULL,	1,	NULL,	NULL,	NULL,	NULL),
(0,	3,	32,	NULL,	1,	NULL,	NULL,	NULL,	NULL),
(0,	3,	33,	NULL,	1,	NULL,	NULL,	NULL,	NULL),
(0,	3,	35,	NULL,	1,	NULL,	NULL,	NULL,	NULL),
(0,	3,	36,	NULL,	1,	NULL,	NULL,	NULL,	NULL),
(0,	3,	37,	NULL,	0,	NULL,	NULL,	NULL,	NULL),
(0,	3,	38,	NULL,	0,	NULL,	NULL,	NULL,	NULL),
(0,	3,	39,	NULL,	0,	NULL,	NULL,	NULL,	NULL),
(0,	3,	40,	NULL,	0,	NULL,	NULL,	NULL,	NULL),
(0,	3,	41,	NULL,	1,	NULL,	NULL,	NULL,	NULL),
(0,	3,	42,	NULL,	1,	NULL,	NULL,	NULL,	NULL),
(0,	3,	43,	NULL,	0,	NULL,	NULL,	NULL,	NULL),
(0,	3,	44,	NULL,	0,	NULL,	NULL,	NULL,	NULL),
(0,	3,	45,	NULL,	1,	NULL,	NULL,	NULL,	NULL),
(0,	3,	46,	NULL,	0,	NULL,	NULL,	NULL,	NULL),
(0,	3,	47,	NULL,	0,	NULL,	NULL,	NULL,	NULL),
(0,	3,	49,	NULL,	0,	NULL,	NULL,	NULL,	NULL),
(0,	3,	50,	NULL,	0,	NULL,	NULL,	NULL,	NULL),
(0,	4,	1,	NULL,	0,	NULL,	NULL,	NULL,	NULL),
(0,	4,	2,	NULL,	0,	NULL,	NULL,	NULL,	NULL),
(0,	4,	3,	NULL,	0,	NULL,	NULL,	NULL,	NULL),
(0,	4,	5,	NULL,	0,	NULL,	NULL,	NULL,	NULL),
(0,	4,	6,	NULL,	0,	NULL,	NULL,	NULL,	NULL),
(0,	4,	7,	NULL,	1,	NULL,	NULL,	NULL,	NULL),
(0,	4,	8,	NULL,	0,	NULL,	NULL,	NULL,	NULL),
(0,	4,	9,	NULL,	1,	NULL,	NULL,	NULL,	NULL),
(0,	4,	11,	NULL,	1,	NULL,	NULL,	NULL,	NULL),
(0,	4,	12,	NULL,	0,	NULL,	NULL,	NULL,	NULL),
(0,	4,	13,	NULL,	1,	NULL,	NULL,	NULL,	NULL),
(0,	4,	14,	NULL,	0,	NULL,	NULL,	NULL,	NULL),
(0,	4,	15,	NULL,	1,	NULL,	NULL,	NULL,	NULL),
(0,	4,	16,	NULL,	0,	NULL,	NULL,	NULL,	NULL),
(0,	4,	17,	NULL,	1,	NULL,	NULL,	NULL,	NULL),
(0,	4,	18,	NULL,	1,	NULL,	NULL,	NULL,	NULL),
(0,	4,	19,	NULL,	1,	NULL,	NULL,	NULL,	NULL),
(0,	4,	20,	NULL,	0,	NULL,	NULL,	NULL,	NULL),
(0,	4,	21,	NULL,	1,	NULL,	NULL,	NULL,	NULL),
(0,	4,	22,	NULL,	1,	NULL,	NULL,	NULL,	NULL),
(0,	4,	23,	NULL,	1,	NULL,	NULL,	NULL,	NULL),
(0,	4,	25,	NULL,	1,	NULL,	NULL,	NULL,	NULL),
(0,	4,	26,	NULL,	0,	NULL,	NULL,	NULL,	NULL),
(0,	4,	27,	NULL,	1,	NULL,	NULL,	NULL,	NULL),
(0,	4,	28,	NULL,	1,	NULL,	NULL,	NULL,	NULL),
(0,	4,	29,	NULL,	0,	NULL,	NULL,	NULL,	NULL),
(0,	4,	30,	NULL,	1,	NULL,	NULL,	NULL,	NULL),
(0,	4,	31,	NULL,	0,	NULL,	NULL,	NULL,	NULL),
(0,	4,	32,	NULL,	1,	NULL,	NULL,	NULL,	NULL),
(0,	4,	33,	NULL,	1,	NULL,	NULL,	NULL,	NULL),
(0,	4,	35,	NULL,	0,	NULL,	NULL,	NULL,	NULL),
(0,	4,	36,	NULL,	1,	NULL,	NULL,	NULL,	NULL),
(0,	4,	37,	NULL,	0,	NULL,	NULL,	NULL,	NULL),
(0,	4,	38,	NULL,	0,	NULL,	NULL,	NULL,	NULL),
(0,	4,	39,	NULL,	0,	NULL,	NULL,	NULL,	NULL),
(0,	4,	40,	NULL,	0,	NULL,	NULL,	NULL,	NULL),
(0,	4,	41,	NULL,	1,	NULL,	NULL,	NULL,	NULL),
(0,	4,	42,	NULL,	0,	NULL,	NULL,	NULL,	NULL),
(0,	4,	43,	NULL,	0,	NULL,	NULL,	NULL,	NULL),
(0,	4,	44,	NULL,	0,	NULL,	NULL,	NULL,	NULL),
(0,	4,	45,	NULL,	0,	NULL,	NULL,	NULL,	NULL),
(0,	4,	46,	NULL,	0,	NULL,	NULL,	NULL,	NULL),
(0,	4,	47,	NULL,	0,	NULL,	NULL,	NULL,	NULL),
(0,	4,	49,	NULL,	0,	NULL,	NULL,	NULL,	NULL),
(0,	4,	50,	NULL,	0,	NULL,	NULL,	NULL,	NULL),
(0,	5,	1,	NULL,	0,	NULL,	NULL,	NULL,	NULL),
(0,	5,	2,	NULL,	0,	NULL,	NULL,	NULL,	NULL),
(0,	5,	3,	NULL,	0,	NULL,	NULL,	NULL,	NULL),
(0,	5,	4,	NULL,	0,	NULL,	NULL,	NULL,	NULL),
(0,	5,	5,	NULL,	0,	NULL,	NULL,	NULL,	NULL),
(0,	5,	6,	NULL,	0,	NULL,	NULL,	NULL,	NULL),
(0,	5,	7,	NULL,	0,	NULL,	NULL,	NULL,	NULL),
(0,	5,	8,	NULL,	0,	NULL,	NULL,	NULL,	NULL),
(0,	5,	9,	NULL,	0,	NULL,	NULL,	NULL,	NULL),
(0,	5,	10,	NULL,	0,	NULL,	NULL,	NULL,	NULL),
(0,	5,	11,	NULL,	0,	NULL,	NULL,	NULL,	NULL),
(0,	5,	12,	NULL,	0,	NULL,	NULL,	NULL,	NULL),
(0,	5,	13,	NULL,	0,	NULL,	NULL,	NULL,	NULL),
(0,	5,	14,	NULL,	0,	NULL,	NULL,	NULL,	NULL),
(0,	5,	15,	NULL,	0,	NULL,	NULL,	NULL,	NULL),
(0,	5,	16,	NULL,	0,	NULL,	NULL,	NULL,	NULL),
(0,	5,	17,	NULL,	0,	NULL,	NULL,	NULL,	NULL),
(0,	5,	18,	NULL,	0,	NULL,	NULL,	NULL,	NULL),
(0,	5,	19,	NULL,	0,	NULL,	NULL,	NULL,	NULL),
(0,	5,	20,	NULL,	0,	NULL,	NULL,	NULL,	NULL),
(0,	5,	21,	NULL,	0,	NULL,	NULL,	NULL,	NULL),
(0,	5,	22,	NULL,	1,	NULL,	NULL,	NULL,	NULL),
(0,	5,	23,	NULL,	0,	NULL,	NULL,	NULL,	NULL),
(0,	5,	24,	NULL,	0,	NULL,	NULL,	NULL,	NULL),
(0,	5,	25,	NULL,	0,	NULL,	NULL,	NULL,	NULL),
(0,	5,	26,	NULL,	0,	NULL,	NULL,	NULL,	NULL),
(0,	5,	27,	NULL,	0,	NULL,	NULL,	NULL,	NULL),
(0,	5,	28,	NULL,	1,	NULL,	NULL,	NULL,	NULL),
(0,	5,	29,	NULL,	0,	NULL,	NULL,	NULL,	NULL),
(0,	5,	30,	NULL,	1,	NULL,	NULL,	NULL,	NULL),
(0,	5,	31,	NULL,	0,	NULL,	NULL,	NULL,	NULL),
(0,	5,	32,	NULL,	0,	NULL,	NULL,	NULL,	NULL),
(0,	5,	33,	NULL,	0,	NULL,	NULL,	NULL,	NULL),
(0,	5,	35,	NULL,	0,	NULL,	NULL,	NULL,	NULL),
(0,	5,	36,	NULL,	0,	NULL,	NULL,	NULL,	NULL),
(0,	5,	37,	NULL,	0,	NULL,	NULL,	NULL,	NULL),
(0,	5,	38,	NULL,	0,	NULL,	NULL,	NULL,	NULL),
(0,	5,	39,	NULL,	0,	NULL,	NULL,	NULL,	NULL),
(0,	5,	40,	NULL,	0,	NULL,	NULL,	NULL,	NULL),
(0,	5,	41,	NULL,	0,	NULL,	NULL,	NULL,	NULL),
(0,	5,	42,	NULL,	0,	NULL,	NULL,	NULL,	NULL),
(0,	5,	43,	NULL,	0,	NULL,	NULL,	NULL,	NULL),
(0,	5,	44,	NULL,	0,	NULL,	NULL,	NULL,	NULL),
(0,	5,	45,	NULL,	0,	NULL,	NULL,	NULL,	NULL),
(0,	5,	46,	NULL,	0,	NULL,	NULL,	NULL,	NULL),
(0,	5,	47,	NULL,	0,	NULL,	NULL,	NULL,	NULL),
(0,	5,	49,	NULL,	0,	NULL,	NULL,	NULL,	NULL),
(0,	5,	50,	NULL,	0,	NULL,	NULL,	NULL,	NULL),
(0,	6,	1,	NULL,	0,	NULL,	NULL,	'Ulo탑.to',	NULL),
(0,	6,	2,	NULL,	0,	NULL,	NULL,	NULL,	NULL),
(0,	6,	3,	NULL,	0,	NULL,	NULL,	NULL,	NULL),
(0,	6,	4,	NULL,	0,	NULL,	NULL,	NULL,	NULL),
(0,	6,	5,	NULL,	0,	NULL,	NULL,	NULL,	NULL),
(0,	6,	6,	NULL,	0,	NULL,	NULL,	NULL,	NULL),
(0,	6,	7,	NULL,	0,	NULL,	NULL,	NULL,	NULL),
(0,	6,	8,	NULL,	0,	NULL,	NULL,	NULL,	NULL),
(0,	6,	10,	NULL,	0,	NULL,	NULL,	NULL,	NULL),
(0,	6,	11,	NULL,	0,	NULL,	NULL,	NULL,	NULL),
(0,	6,	12,	NULL,	0,	NULL,	NULL,	NULL,	NULL),
(0,	6,	13,	NULL,	0,	NULL,	NULL,	NULL,	NULL),
(0,	6,	14,	NULL,	0,	NULL,	NULL,	NULL,	NULL),
(0,	6,	15,	NULL,	0,	NULL,	NULL,	NULL,	NULL),
(0,	6,	16,	NULL,	1,	NULL,	NULL,	'Ulo탑.to',	NULL),
(0,	6,	17,	NULL,	0,	NULL,	NULL,	NULL,	NULL),
(0,	6,	18,	NULL,	1,	NULL,	NULL,	'Ulozto',	NULL),
(0,	6,	19,	NULL,	0,	NULL,	NULL,	NULL,	NULL),
(0,	6,	20,	NULL,	0,	NULL,	NULL,	NULL,	NULL),
(0,	6,	21,	NULL,	0,	NULL,	NULL,	NULL,	NULL),
(0,	6,	22,	NULL,	1,	NULL,	NULL,	'Ulo탑.to',	NULL),
(0,	6,	23,	NULL,	0,	NULL,	NULL,	NULL,	NULL),
(0,	6,	24,	NULL,	0,	NULL,	NULL,	NULL,	NULL),
(0,	6,	25,	NULL,	0,	NULL,	NULL,	NULL,	NULL),
(0,	6,	27,	NULL,	0,	NULL,	NULL,	NULL,	NULL),
(0,	6,	28,	NULL,	1,	NULL,	NULL,	'Hellshare',	NULL),
(0,	6,	29,	NULL,	0,	NULL,	NULL,	NULL,	NULL),
(0,	6,	30,	NULL,	0,	NULL,	NULL,	NULL,	NULL),
(0,	6,	31,	NULL,	0,	NULL,	NULL,	NULL,	NULL),
(0,	6,	32,	NULL,	0,	NULL,	NULL,	NULL,	NULL),
(0,	6,	33,	NULL,	0,	NULL,	NULL,	NULL,	NULL),
(0,	6,	34,	NULL,	0,	NULL,	NULL,	NULL,	NULL),
(0,	6,	35,	NULL,	0,	NULL,	NULL,	NULL,	NULL),
(0,	6,	36,	NULL,	0,	NULL,	NULL,	NULL,	NULL),
(0,	6,	37,	NULL,	1,	NULL,	NULL,	'Ulo탑to',	NULL),
(0,	6,	38,	NULL,	0,	NULL,	NULL,	NULL,	NULL),
(0,	6,	39,	NULL,	0,	NULL,	NULL,	NULL,	NULL),
(0,	6,	40,	NULL,	0,	NULL,	NULL,	NULL,	NULL),
(0,	6,	41,	NULL,	0,	NULL,	NULL,	NULL,	NULL),
(0,	6,	42,	NULL,	1,	NULL,	NULL,	'ulozto.cz',	NULL),
(0,	6,	43,	NULL,	0,	NULL,	NULL,	NULL,	NULL),
(0,	6,	44,	NULL,	0,	NULL,	NULL,	NULL,	NULL),
(0,	6,	45,	NULL,	0,	NULL,	NULL,	NULL,	NULL),
(0,	6,	46,	NULL,	0,	NULL,	NULL,	NULL,	NULL),
(0,	6,	47,	NULL,	0,	NULL,	NULL,	NULL,	NULL),
(0,	6,	49,	NULL,	0,	NULL,	NULL,	NULL,	NULL),
(0,	6,	50,	NULL,	0,	NULL,	NULL,	NULL,	NULL),
(0,	7,	1,	NULL,	1,	NULL,	NULL,	NULL,	NULL),
(0,	7,	2,	NULL,	0,	NULL,	NULL,	NULL,	NULL),
(0,	7,	3,	NULL,	0,	NULL,	NULL,	NULL,	NULL),
(0,	7,	4,	NULL,	0,	NULL,	NULL,	NULL,	NULL),
(0,	7,	5,	NULL,	0,	NULL,	NULL,	NULL,	NULL),
(0,	7,	6,	NULL,	0,	NULL,	NULL,	NULL,	NULL),
(0,	7,	7,	NULL,	0,	NULL,	NULL,	NULL,	NULL),
(0,	7,	8,	NULL,	0,	NULL,	NULL,	NULL,	NULL),
(0,	7,	9,	NULL,	0,	NULL,	NULL,	NULL,	NULL),
(0,	7,	10,	NULL,	0,	NULL,	NULL,	NULL,	NULL),
(0,	7,	11,	NULL,	0,	NULL,	NULL,	NULL,	NULL),
(0,	7,	12,	NULL,	0,	NULL,	NULL,	NULL,	NULL),
(0,	7,	13,	NULL,	0,	NULL,	NULL,	NULL,	NULL),
(0,	7,	14,	NULL,	0,	NULL,	NULL,	NULL,	NULL),
(0,	7,	15,	NULL,	0,	NULL,	NULL,	NULL,	NULL),
(0,	7,	16,	NULL,	1,	NULL,	NULL,	NULL,	NULL),
(0,	7,	17,	NULL,	0,	NULL,	NULL,	NULL,	NULL),
(0,	7,	18,	NULL,	1,	NULL,	NULL,	NULL,	NULL),
(0,	7,	19,	NULL,	0,	NULL,	NULL,	NULL,	NULL),
(0,	7,	20,	NULL,	1,	NULL,	NULL,	NULL,	NULL),
(0,	7,	21,	NULL,	0,	NULL,	NULL,	NULL,	NULL),
(0,	7,	22,	NULL,	1,	NULL,	NULL,	NULL,	NULL),
(0,	7,	23,	NULL,	0,	NULL,	NULL,	NULL,	NULL),
(0,	7,	24,	NULL,	0,	NULL,	NULL,	NULL,	NULL),
(0,	7,	25,	NULL,	1,	NULL,	NULL,	NULL,	NULL),
(0,	7,	26,	NULL,	0,	NULL,	NULL,	NULL,	NULL),
(0,	7,	27,	NULL,	0,	NULL,	NULL,	NULL,	NULL),
(0,	7,	28,	NULL,	1,	NULL,	NULL,	NULL,	NULL),
(0,	7,	29,	NULL,	0,	NULL,	NULL,	NULL,	NULL),
(0,	7,	30,	NULL,	0,	NULL,	NULL,	NULL,	NULL),
(0,	7,	31,	NULL,	1,	NULL,	NULL,	NULL,	NULL),
(0,	7,	32,	NULL,	0,	NULL,	NULL,	NULL,	NULL),
(0,	7,	33,	NULL,	0,	NULL,	NULL,	NULL,	NULL),
(0,	7,	34,	NULL,	1,	NULL,	NULL,	NULL,	NULL),
(0,	7,	35,	NULL,	0,	NULL,	NULL,	NULL,	NULL),
(0,	7,	36,	NULL,	1,	NULL,	NULL,	NULL,	NULL),
(0,	7,	37,	NULL,	1,	NULL,	NULL,	NULL,	NULL),
(0,	7,	38,	NULL,	0,	NULL,	NULL,	NULL,	NULL),
(0,	7,	39,	NULL,	0,	NULL,	NULL,	NULL,	NULL),
(0,	7,	40,	NULL,	0,	NULL,	NULL,	NULL,	NULL),
(0,	7,	41,	NULL,	0,	NULL,	NULL,	NULL,	NULL),
(0,	7,	42,	NULL,	1,	NULL,	NULL,	NULL,	NULL),
(0,	7,	43,	NULL,	0,	NULL,	NULL,	NULL,	NULL),
(0,	7,	45,	NULL,	1,	NULL,	NULL,	NULL,	NULL),
(0,	7,	46,	NULL,	0,	NULL,	NULL,	NULL,	NULL),
(0,	7,	48,	NULL,	0,	NULL,	NULL,	NULL,	NULL),
(0,	7,	49,	NULL,	0,	NULL,	NULL,	NULL,	NULL),
(0,	7,	50,	NULL,	0,	NULL,	NULL,	NULL,	NULL),
(0,	8,	1,	0,	1,	NULL,	NULL,	NULL,	NULL),
(0,	8,	1,	2,	1,	NULL,	NULL,	NULL,	NULL),
(0,	8,	1,	5,	1,	NULL,	NULL,	NULL,	NULL),
(0,	8,	1,	8,	1,	NULL,	NULL,	NULL,	NULL),
(0,	8,	2,	0,	1,	NULL,	NULL,	NULL,	NULL),
(0,	8,	2,	8,	1,	NULL,	NULL,	NULL,	NULL),
(0,	8,	3,	0,	1,	NULL,	NULL,	NULL,	NULL),
(0,	8,	3,	7,	1,	NULL,	NULL,	NULL,	NULL),
(0,	8,	3,	8,	1,	NULL,	NULL,	NULL,	NULL),
(0,	8,	5,	0,	1,	NULL,	NULL,	NULL,	NULL),
(0,	8,	6,	0,	1,	NULL,	NULL,	NULL,	NULL),
(0,	8,	6,	6,	1,	NULL,	NULL,	NULL,	NULL),
(0,	8,	6,	7,	1,	NULL,	NULL,	NULL,	NULL),
(0,	8,	6,	8,	1,	NULL,	NULL,	NULL,	NULL),
(0,	8,	7,	0,	1,	NULL,	NULL,	NULL,	NULL),
(0,	8,	7,	7,	1,	NULL,	NULL,	NULL,	NULL),
(0,	8,	7,	8,	1,	NULL,	NULL,	NULL,	NULL),
(0,	8,	8,	0,	1,	NULL,	NULL,	NULL,	NULL),
(0,	8,	8,	1,	1,	NULL,	NULL,	NULL,	NULL),
(0,	8,	8,	4,	1,	NULL,	NULL,	NULL,	NULL),
(0,	8,	8,	5,	1,	NULL,	NULL,	NULL,	NULL),
(0,	8,	8,	7,	1,	NULL,	NULL,	NULL,	NULL),
(0,	8,	8,	8,	1,	NULL,	NULL,	NULL,	NULL),
(0,	8,	9,	0,	1,	NULL,	NULL,	NULL,	NULL),
(0,	8,	9,	4,	1,	NULL,	NULL,	NULL,	NULL),
(0,	8,	9,	5,	1,	NULL,	NULL,	NULL,	NULL),
(0,	8,	9,	7,	1,	NULL,	NULL,	NULL,	NULL),
(0,	8,	9,	8,	1,	NULL,	NULL,	NULL,	NULL),
(0,	8,	10,	0,	1,	NULL,	NULL,	NULL,	NULL),
(0,	8,	10,	7,	1,	NULL,	NULL,	NULL,	NULL),
(0,	8,	10,	8,	1,	NULL,	NULL,	NULL,	NULL),
(0,	8,	11,	0,	1,	NULL,	NULL,	NULL,	NULL),
(0,	8,	11,	1,	1,	NULL,	NULL,	NULL,	NULL),
(0,	8,	11,	3,	1,	NULL,	NULL,	NULL,	NULL),
(0,	8,	11,	4,	1,	NULL,	NULL,	NULL,	NULL),
(0,	8,	11,	6,	1,	NULL,	NULL,	NULL,	NULL),
(0,	8,	11,	8,	1,	NULL,	NULL,	NULL,	NULL),
(0,	8,	12,	0,	1,	NULL,	NULL,	NULL,	NULL),
(0,	8,	12,	5,	1,	NULL,	NULL,	NULL,	NULL),
(0,	8,	12,	6,	1,	NULL,	NULL,	NULL,	NULL),
(0,	8,	12,	7,	1,	NULL,	NULL,	NULL,	NULL),
(0,	8,	13,	0,	1,	NULL,	NULL,	NULL,	NULL),
(0,	8,	13,	1,	1,	NULL,	NULL,	NULL,	NULL),
(0,	8,	13,	6,	1,	NULL,	NULL,	NULL,	NULL),
(0,	8,	13,	7,	1,	NULL,	NULL,	NULL,	NULL),
(0,	8,	14,	0,	1,	NULL,	NULL,	NULL,	NULL),
(0,	8,	14,	1,	1,	NULL,	NULL,	NULL,	NULL),
(0,	8,	14,	2,	1,	NULL,	NULL,	NULL,	NULL),
(0,	8,	14,	6,	1,	NULL,	NULL,	NULL,	NULL),
(0,	8,	14,	7,	1,	NULL,	NULL,	NULL,	NULL),
(0,	8,	14,	8,	1,	NULL,	NULL,	NULL,	NULL),
(0,	8,	15,	0,	1,	NULL,	NULL,	NULL,	NULL),
(0,	8,	15,	1,	1,	NULL,	NULL,	NULL,	NULL),
(0,	8,	15,	6,	1,	NULL,	NULL,	NULL,	NULL),
(0,	8,	15,	7,	1,	NULL,	NULL,	NULL,	NULL),
(0,	8,	15,	8,	1,	NULL,	NULL,	NULL,	NULL),
(0,	8,	16,	0,	1,	NULL,	NULL,	NULL,	NULL),
(0,	8,	16,	1,	1,	NULL,	NULL,	NULL,	NULL),
(0,	8,	16,	2,	1,	NULL,	NULL,	NULL,	NULL),
(0,	8,	16,	3,	1,	NULL,	NULL,	NULL,	NULL),
(0,	8,	16,	7,	1,	NULL,	NULL,	NULL,	NULL),
(0,	8,	17,	0,	1,	NULL,	NULL,	NULL,	NULL),
(0,	8,	17,	1,	1,	NULL,	NULL,	NULL,	NULL),
(0,	8,	17,	5,	1,	NULL,	NULL,	NULL,	NULL),
(0,	8,	17,	6,	1,	NULL,	NULL,	NULL,	NULL),
(0,	8,	18,	0,	1,	NULL,	NULL,	NULL,	NULL),
(0,	8,	18,	1,	1,	NULL,	NULL,	NULL,	NULL),
(0,	8,	18,	2,	1,	NULL,	NULL,	NULL,	NULL),
(0,	8,	18,	5,	1,	NULL,	NULL,	NULL,	NULL),
(0,	8,	18,	6,	1,	NULL,	NULL,	NULL,	NULL),
(0,	8,	18,	8,	1,	NULL,	NULL,	NULL,	NULL),
(0,	8,	19,	0,	1,	NULL,	NULL,	NULL,	NULL),
(0,	8,	19,	2,	1,	NULL,	NULL,	NULL,	NULL),
(0,	8,	19,	3,	1,	NULL,	NULL,	NULL,	NULL),
(0,	8,	19,	5,	1,	NULL,	NULL,	NULL,	NULL),
(0,	8,	19,	6,	1,	NULL,	NULL,	NULL,	NULL),
(0,	8,	19,	7,	1,	NULL,	NULL,	NULL,	NULL),
(0,	8,	20,	5,	1,	NULL,	NULL,	NULL,	NULL),
(0,	8,	21,	0,	1,	NULL,	NULL,	NULL,	NULL),
(0,	8,	21,	6,	1,	NULL,	NULL,	NULL,	NULL),
(0,	8,	21,	8,	1,	NULL,	NULL,	NULL,	NULL),
(0,	8,	22,	0,	1,	NULL,	NULL,	NULL,	NULL),
(0,	8,	22,	8,	1,	NULL,	NULL,	NULL,	NULL),
(0,	8,	23,	0,	1,	NULL,	NULL,	NULL,	NULL),
(0,	8,	23,	1,	1,	NULL,	NULL,	NULL,	NULL),
(0,	8,	23,	8,	1,	NULL,	NULL,	NULL,	NULL),
(0,	8,	24,	0,	1,	NULL,	NULL,	NULL,	NULL),
(0,	8,	24,	1,	1,	NULL,	NULL,	NULL,	NULL),
(0,	8,	24,	4,	1,	NULL,	NULL,	NULL,	NULL),
(0,	8,	25,	5,	1,	NULL,	NULL,	NULL,	NULL),
(0,	8,	25,	6,	1,	NULL,	NULL,	NULL,	NULL),
(0,	8,	26,	0,	1,	NULL,	NULL,	NULL,	NULL),
(0,	8,	26,	2,	1,	NULL,	NULL,	NULL,	NULL),
(0,	8,	26,	7,	1,	NULL,	NULL,	NULL,	NULL),
(0,	8,	27,	0,	1,	NULL,	NULL,	NULL,	NULL),
(0,	8,	27,	1,	1,	NULL,	NULL,	NULL,	NULL),
(0,	8,	27,	2,	1,	NULL,	NULL,	NULL,	NULL),
(0,	8,	27,	6,	1,	NULL,	NULL,	NULL,	NULL),
(0,	8,	28,	0,	1,	NULL,	NULL,	NULL,	NULL),
(0,	8,	28,	1,	1,	NULL,	NULL,	NULL,	NULL),
(0,	8,	28,	2,	1,	NULL,	NULL,	NULL,	NULL),
(0,	8,	28,	4,	1,	NULL,	NULL,	NULL,	NULL),
(0,	8,	28,	6,	1,	NULL,	NULL,	NULL,	NULL),
(0,	8,	28,	7,	1,	NULL,	NULL,	NULL,	NULL),
(0,	8,	29,	1,	1,	NULL,	NULL,	NULL,	NULL),
(0,	8,	29,	5,	1,	NULL,	NULL,	NULL,	NULL),
(0,	8,	30,	0,	1,	NULL,	NULL,	NULL,	NULL),
(0,	8,	30,	2,	1,	NULL,	NULL,	NULL,	NULL),
(0,	8,	30,	6,	1,	NULL,	NULL,	NULL,	NULL),
(0,	8,	31,	0,	1,	NULL,	NULL,	NULL,	NULL),
(0,	8,	31,	1,	1,	NULL,	NULL,	NULL,	NULL),
(0,	8,	31,	5,	1,	NULL,	NULL,	NULL,	NULL),
(0,	8,	31,	8,	1,	NULL,	NULL,	NULL,	NULL),
(0,	8,	32,	0,	1,	NULL,	NULL,	NULL,	NULL),
(0,	8,	32,	2,	1,	NULL,	NULL,	NULL,	NULL),
(0,	8,	32,	6,	1,	NULL,	NULL,	NULL,	NULL),
(0,	8,	32,	7,	1,	NULL,	NULL,	NULL,	NULL),
(0,	8,	33,	0,	1,	NULL,	NULL,	NULL,	NULL),
(0,	8,	33,	1,	1,	NULL,	NULL,	NULL,	NULL),
(0,	8,	33,	4,	1,	NULL,	NULL,	NULL,	NULL),
(0,	8,	33,	5,	1,	NULL,	NULL,	NULL,	NULL),
(0,	8,	33,	6,	1,	NULL,	NULL,	NULL,	NULL),
(0,	8,	33,	7,	1,	NULL,	NULL,	NULL,	NULL),
(0,	8,	33,	8,	1,	NULL,	NULL,	NULL,	NULL),
(0,	8,	34,	0,	1,	NULL,	NULL,	NULL,	NULL),
(0,	8,	34,	6,	1,	NULL,	NULL,	NULL,	NULL),
(0,	8,	34,	8,	1,	NULL,	NULL,	NULL,	NULL),
(0,	8,	35,	0,	1,	NULL,	NULL,	NULL,	NULL),
(0,	8,	35,	1,	1,	NULL,	NULL,	NULL,	NULL),
(0,	8,	35,	6,	1,	NULL,	NULL,	NULL,	NULL),
(0,	8,	35,	7,	1,	NULL,	NULL,	NULL,	NULL),
(0,	8,	35,	8,	1,	NULL,	NULL,	NULL,	NULL),
(0,	8,	36,	0,	1,	NULL,	NULL,	NULL,	NULL),
(0,	8,	36,	1,	1,	NULL,	NULL,	NULL,	NULL),
(0,	8,	36,	2,	1,	NULL,	NULL,	NULL,	NULL),
(0,	8,	36,	4,	1,	NULL,	NULL,	NULL,	NULL),
(0,	8,	36,	5,	1,	NULL,	NULL,	NULL,	NULL),
(0,	8,	37,	3,	1,	NULL,	NULL,	NULL,	NULL),
(0,	8,	37,	4,	1,	NULL,	NULL,	NULL,	NULL),
(0,	8,	37,	6,	1,	NULL,	NULL,	NULL,	NULL),
(0,	8,	38,	0,	1,	NULL,	NULL,	NULL,	NULL),
(0,	8,	38,	1,	1,	NULL,	NULL,	NULL,	NULL),
(0,	8,	38,	4,	1,	NULL,	NULL,	NULL,	NULL),
(0,	8,	38,	5,	1,	NULL,	NULL,	NULL,	NULL),
(0,	8,	38,	6,	1,	NULL,	NULL,	NULL,	NULL),
(0,	8,	38,	8,	1,	NULL,	NULL,	NULL,	NULL),
(0,	8,	39,	0,	1,	NULL,	NULL,	NULL,	NULL),
(0,	8,	39,	1,	1,	NULL,	NULL,	NULL,	NULL),
(0,	8,	39,	2,	1,	NULL,	NULL,	NULL,	NULL),
(0,	8,	39,	7,	1,	NULL,	NULL,	NULL,	NULL),
(0,	8,	40,	0,	1,	NULL,	NULL,	NULL,	NULL),
(0,	8,	40,	3,	1,	NULL,	NULL,	NULL,	NULL),
(0,	8,	40,	4,	1,	NULL,	NULL,	NULL,	NULL),
(0,	8,	40,	8,	1,	NULL,	NULL,	NULL,	NULL),
(0,	8,	41,	0,	1,	NULL,	NULL,	NULL,	NULL),
(0,	8,	41,	2,	1,	NULL,	NULL,	NULL,	NULL),
(0,	8,	41,	4,	1,	NULL,	NULL,	NULL,	NULL),
(0,	8,	42,	0,	1,	NULL,	NULL,	NULL,	NULL),
(0,	8,	42,	1,	1,	NULL,	NULL,	NULL,	NULL),
(0,	8,	42,	2,	1,	NULL,	NULL,	NULL,	NULL),
(0,	8,	42,	4,	1,	NULL,	NULL,	NULL,	NULL),
(0,	8,	42,	6,	1,	NULL,	NULL,	NULL,	NULL),
(0,	8,	42,	8,	1,	NULL,	NULL,	NULL,	NULL),
(0,	8,	43,	0,	1,	NULL,	NULL,	NULL,	NULL),
(0,	8,	43,	3,	1,	NULL,	NULL,	NULL,	NULL),
(0,	8,	43,	6,	1,	NULL,	NULL,	NULL,	NULL),
(0,	8,	44,	0,	1,	NULL,	NULL,	NULL,	NULL),
(0,	8,	44,	1,	1,	NULL,	NULL,	NULL,	NULL),
(0,	8,	44,	2,	1,	NULL,	NULL,	NULL,	NULL),
(0,	8,	44,	5,	1,	NULL,	NULL,	NULL,	NULL),
(0,	8,	44,	6,	1,	NULL,	NULL,	NULL,	NULL),
(0,	8,	44,	7,	1,	NULL,	NULL,	NULL,	NULL),
(0,	8,	45,	0,	1,	NULL,	NULL,	NULL,	NULL),
(0,	8,	45,	1,	1,	NULL,	NULL,	NULL,	NULL),
(0,	8,	45,	2,	1,	NULL,	NULL,	NULL,	NULL),
(0,	8,	45,	4,	1,	NULL,	NULL,	NULL,	NULL),
(0,	8,	45,	8,	1,	NULL,	NULL,	NULL,	NULL),
(0,	8,	46,	0,	1,	NULL,	NULL,	NULL,	NULL),
(0,	8,	46,	2,	1,	NULL,	NULL,	NULL,	NULL),
(0,	8,	46,	3,	1,	NULL,	NULL,	NULL,	NULL),
(0,	8,	46,	4,	1,	NULL,	NULL,	NULL,	NULL),
(0,	8,	46,	6,	1,	NULL,	NULL,	NULL,	NULL),
(0,	8,	46,	7,	1,	NULL,	NULL,	NULL,	NULL),
(0,	8,	47,	0,	1,	NULL,	NULL,	NULL,	NULL),
(0,	8,	47,	1,	1,	NULL,	NULL,	NULL,	NULL),
(0,	8,	47,	8,	1,	NULL,	NULL,	NULL,	NULL),
(0,	8,	48,	0,	1,	NULL,	NULL,	NULL,	NULL),
(0,	8,	48,	1,	1,	NULL,	NULL,	NULL,	NULL),
(0,	8,	48,	7,	1,	NULL,	NULL,	NULL,	NULL),
(0,	8,	49,	0,	1,	NULL,	NULL,	NULL,	NULL),
(0,	8,	49,	1,	1,	NULL,	NULL,	NULL,	NULL),
(0,	8,	50,	0,	1,	NULL,	NULL,	NULL,	NULL),
(0,	8,	50,	1,	1,	NULL,	NULL,	NULL,	NULL),
(0,	8,	50,	2,	1,	NULL,	NULL,	NULL,	NULL),
(0,	8,	50,	5,	1,	NULL,	NULL,	NULL,	NULL),
(0,	8,	50,	8,	1,	NULL,	NULL,	NULL,	NULL),
(0,	9,	1,	0,	1,	NULL,	NULL,	NULL,	NULL),
(0,	9,	1,	4,	1,	NULL,	NULL,	NULL,	NULL),
(0,	9,	1,	5,	1,	NULL,	NULL,	NULL,	NULL),
(0,	9,	2,	0,	1,	NULL,	NULL,	NULL,	NULL),
(0,	9,	2,	8,	1,	NULL,	NULL,	NULL,	NULL),
(0,	9,	3,	0,	1,	NULL,	NULL,	NULL,	NULL),
(0,	9,	3,	1,	1,	NULL,	NULL,	NULL,	NULL),
(0,	9,	3,	2,	1,	NULL,	NULL,	NULL,	NULL),
(0,	9,	5,	0,	1,	NULL,	NULL,	NULL,	NULL),
(0,	9,	6,	0,	1,	NULL,	NULL,	NULL,	NULL),
(0,	9,	7,	0,	1,	NULL,	NULL,	NULL,	NULL),
(0,	9,	7,	5,	1,	NULL,	NULL,	NULL,	NULL),
(0,	9,	8,	0,	1,	NULL,	NULL,	NULL,	NULL),
(0,	9,	8,	1,	1,	NULL,	NULL,	NULL,	NULL),
(0,	9,	8,	4,	1,	NULL,	NULL,	NULL,	NULL),
(0,	9,	8,	5,	1,	NULL,	NULL,	NULL,	NULL),
(0,	9,	9,	0,	1,	NULL,	NULL,	NULL,	NULL),
(0,	9,	9,	4,	1,	NULL,	NULL,	NULL,	NULL),
(0,	9,	9,	5,	1,	NULL,	NULL,	NULL,	NULL),
(0,	9,	10,	0,	1,	NULL,	NULL,	NULL,	NULL),
(0,	9,	10,	4,	1,	NULL,	NULL,	NULL,	NULL),
(0,	9,	10,	5,	1,	NULL,	NULL,	NULL,	NULL),
(0,	9,	11,	0,	1,	NULL,	NULL,	NULL,	NULL),
(0,	9,	11,	1,	1,	NULL,	NULL,	NULL,	NULL),
(0,	9,	11,	3,	1,	NULL,	NULL,	NULL,	NULL),
(0,	9,	11,	4,	1,	NULL,	NULL,	NULL,	NULL),
(0,	9,	11,	5,	1,	NULL,	NULL,	NULL,	NULL),
(0,	9,	12,	0,	1,	NULL,	NULL,	NULL,	NULL),
(0,	9,	12,	5,	1,	NULL,	NULL,	NULL,	NULL),
(0,	9,	13,	0,	1,	NULL,	NULL,	NULL,	NULL),
(0,	9,	13,	1,	1,	NULL,	NULL,	NULL,	NULL),
(0,	9,	13,	4,	1,	NULL,	NULL,	NULL,	NULL),
(0,	9,	13,	5,	1,	NULL,	NULL,	NULL,	NULL),
(0,	9,	14,	0,	1,	NULL,	NULL,	NULL,	NULL),
(0,	9,	14,	1,	1,	NULL,	NULL,	NULL,	NULL),
(0,	9,	14,	2,	1,	NULL,	NULL,	NULL,	NULL),
(0,	9,	14,	5,	1,	NULL,	NULL,	NULL,	NULL),
(0,	9,	15,	0,	1,	NULL,	NULL,	NULL,	NULL),
(0,	9,	15,	1,	1,	NULL,	NULL,	NULL,	NULL),
(0,	9,	16,	0,	1,	NULL,	NULL,	NULL,	NULL),
(0,	9,	16,	1,	1,	NULL,	NULL,	NULL,	NULL),
(0,	9,	16,	2,	1,	NULL,	NULL,	NULL,	NULL),
(0,	9,	16,	5,	1,	NULL,	NULL,	NULL,	NULL),
(0,	9,	17,	0,	1,	NULL,	NULL,	NULL,	NULL),
(0,	9,	17,	1,	1,	NULL,	NULL,	NULL,	NULL),
(0,	9,	17,	4,	1,	NULL,	NULL,	NULL,	NULL),
(0,	9,	17,	5,	1,	NULL,	NULL,	NULL,	NULL),
(0,	9,	18,	0,	1,	NULL,	NULL,	NULL,	NULL),
(0,	9,	18,	1,	1,	NULL,	NULL,	NULL,	NULL),
(0,	9,	18,	2,	1,	NULL,	NULL,	NULL,	NULL),
(0,	9,	18,	5,	1,	NULL,	NULL,	NULL,	NULL),
(0,	9,	19,	0,	1,	NULL,	NULL,	NULL,	NULL),
(0,	9,	19,	2,	1,	NULL,	NULL,	NULL,	NULL),
(0,	9,	19,	3,	1,	NULL,	NULL,	NULL,	NULL),
(0,	9,	19,	5,	1,	NULL,	NULL,	NULL,	NULL),
(0,	9,	20,	5,	1,	NULL,	NULL,	NULL,	NULL),
(0,	9,	21,	0,	1,	NULL,	NULL,	NULL,	NULL),
(0,	9,	22,	0,	1,	NULL,	NULL,	NULL,	NULL),
(0,	9,	23,	0,	1,	NULL,	NULL,	NULL,	NULL),
(0,	9,	23,	1,	1,	NULL,	NULL,	NULL,	NULL),
(0,	9,	24,	0,	1,	NULL,	NULL,	NULL,	NULL),
(0,	9,	24,	1,	1,	NULL,	NULL,	NULL,	NULL),
(0,	9,	24,	4,	1,	NULL,	NULL,	NULL,	NULL),
(0,	9,	25,	5,	1,	NULL,	NULL,	NULL,	NULL),
(0,	9,	26,	0,	1,	NULL,	NULL,	NULL,	NULL),
(0,	9,	26,	2,	1,	NULL,	NULL,	NULL,	NULL),
(0,	9,	27,	0,	1,	NULL,	NULL,	NULL,	NULL),
(0,	9,	27,	1,	1,	NULL,	NULL,	NULL,	NULL),
(0,	9,	27,	2,	1,	NULL,	NULL,	NULL,	NULL),
(0,	9,	28,	0,	1,	NULL,	NULL,	NULL,	NULL),
(0,	9,	28,	1,	1,	NULL,	NULL,	NULL,	NULL),
(0,	9,	28,	2,	1,	NULL,	NULL,	NULL,	NULL),
(0,	9,	28,	4,	1,	NULL,	NULL,	NULL,	NULL),
(0,	9,	28,	5,	1,	NULL,	NULL,	NULL,	NULL),
(0,	9,	29,	1,	1,	NULL,	NULL,	NULL,	NULL),
(0,	9,	29,	5,	1,	NULL,	NULL,	NULL,	NULL),
(0,	9,	30,	0,	1,	NULL,	NULL,	NULL,	NULL),
(0,	9,	30,	2,	1,	NULL,	NULL,	NULL,	NULL),
(0,	9,	30,	5,	1,	NULL,	NULL,	NULL,	NULL),
(0,	9,	31,	0,	1,	NULL,	NULL,	NULL,	NULL),
(0,	9,	31,	1,	1,	NULL,	NULL,	NULL,	NULL),
(0,	9,	31,	5,	1,	NULL,	NULL,	NULL,	NULL),
(0,	9,	32,	0,	1,	NULL,	NULL,	NULL,	NULL),
(0,	9,	32,	2,	1,	NULL,	NULL,	NULL,	NULL),
(0,	9,	33,	0,	1,	NULL,	NULL,	NULL,	NULL),
(0,	9,	33,	1,	1,	NULL,	NULL,	NULL,	NULL),
(0,	9,	33,	4,	1,	NULL,	NULL,	NULL,	NULL),
(0,	9,	33,	5,	1,	NULL,	NULL,	NULL,	NULL),
(0,	9,	34,	0,	1,	NULL,	NULL,	NULL,	NULL),
(0,	9,	34,	4,	1,	NULL,	NULL,	NULL,	NULL),
(0,	9,	34,	5,	1,	NULL,	NULL,	NULL,	NULL),
(0,	9,	35,	0,	1,	NULL,	NULL,	NULL,	NULL),
(0,	9,	35,	1,	1,	NULL,	NULL,	NULL,	NULL),
(0,	9,	35,	4,	1,	NULL,	NULL,	NULL,	NULL),
(0,	9,	36,	0,	1,	NULL,	NULL,	NULL,	NULL),
(0,	9,	36,	1,	1,	NULL,	NULL,	NULL,	NULL),
(0,	9,	36,	2,	1,	NULL,	NULL,	NULL,	NULL),
(0,	9,	36,	4,	1,	NULL,	NULL,	NULL,	NULL),
(0,	9,	36,	5,	1,	NULL,	NULL,	NULL,	NULL),
(0,	9,	37,	3,	1,	NULL,	NULL,	NULL,	NULL),
(0,	9,	37,	4,	1,	NULL,	NULL,	NULL,	NULL),
(0,	9,	38,	0,	1,	NULL,	NULL,	NULL,	NULL),
(0,	9,	38,	1,	1,	NULL,	NULL,	NULL,	NULL),
(0,	9,	38,	4,	1,	NULL,	NULL,	NULL,	NULL),
(0,	9,	38,	5,	1,	NULL,	NULL,	NULL,	NULL),
(0,	9,	39,	0,	1,	NULL,	NULL,	NULL,	NULL),
(0,	9,	39,	1,	1,	NULL,	NULL,	NULL,	NULL),
(0,	9,	39,	2,	1,	NULL,	NULL,	NULL,	NULL),
(0,	9,	40,	0,	1,	NULL,	NULL,	NULL,	NULL),
(0,	9,	40,	3,	1,	NULL,	NULL,	NULL,	NULL),
(0,	9,	40,	4,	1,	NULL,	NULL,	NULL,	NULL),
(0,	9,	41,	0,	1,	NULL,	NULL,	NULL,	NULL),
(0,	9,	41,	2,	1,	NULL,	NULL,	NULL,	NULL),
(0,	9,	41,	4,	1,	NULL,	NULL,	NULL,	NULL),
(0,	9,	42,	0,	1,	NULL,	NULL,	NULL,	NULL),
(0,	9,	42,	1,	1,	NULL,	NULL,	NULL,	NULL),
(0,	9,	42,	2,	1,	NULL,	NULL,	NULL,	NULL),
(0,	9,	42,	4,	1,	NULL,	NULL,	NULL,	NULL),
(0,	9,	43,	0,	1,	NULL,	NULL,	NULL,	NULL),
(0,	9,	43,	3,	1,	NULL,	NULL,	NULL,	NULL),
(0,	9,	44,	0,	1,	NULL,	NULL,	NULL,	NULL),
(0,	9,	44,	1,	1,	NULL,	NULL,	NULL,	NULL),
(0,	9,	44,	2,	1,	NULL,	NULL,	NULL,	NULL),
(0,	9,	44,	5,	1,	NULL,	NULL,	NULL,	NULL),
(0,	9,	45,	0,	1,	NULL,	NULL,	NULL,	NULL),
(0,	9,	45,	1,	1,	NULL,	NULL,	NULL,	NULL),
(0,	9,	45,	2,	1,	NULL,	NULL,	NULL,	NULL),
(0,	9,	45,	4,	1,	NULL,	NULL,	NULL,	NULL),
(0,	9,	46,	0,	1,	NULL,	NULL,	NULL,	NULL),
(0,	9,	46,	2,	1,	NULL,	NULL,	NULL,	NULL),
(0,	9,	46,	3,	1,	NULL,	NULL,	NULL,	NULL),
(0,	9,	46,	4,	1,	NULL,	NULL,	NULL,	NULL),
(0,	9,	46,	5,	1,	NULL,	NULL,	NULL,	NULL),
(0,	9,	47,	0,	1,	NULL,	NULL,	NULL,	NULL),
(0,	9,	47,	1,	1,	NULL,	NULL,	NULL,	NULL),
(0,	9,	47,	4,	1,	NULL,	NULL,	NULL,	NULL),
(0,	9,	48,	0,	1,	NULL,	NULL,	NULL,	NULL),
(0,	9,	48,	1,	1,	NULL,	NULL,	NULL,	NULL),
(0,	9,	48,	4,	1,	NULL,	NULL,	NULL,	NULL),
(0,	9,	49,	0,	1,	NULL,	NULL,	NULL,	NULL),
(0,	9,	49,	1,	1,	NULL,	NULL,	NULL,	NULL),
(0,	9,	50,	0,	1,	NULL,	NULL,	NULL,	NULL),
(0,	9,	50,	1,	1,	NULL,	NULL,	NULL,	NULL),
(0,	9,	50,	2,	1,	NULL,	NULL,	NULL,	NULL),
(0,	9,	50,	5,	1,	NULL,	NULL,	NULL,	NULL),
(0,	10,	1,	NULL,	0,	NULL,	NULL,	NULL,	NULL),
(0,	10,	2,	NULL,	0,	NULL,	NULL,	NULL,	NULL),
(0,	10,	3,	NULL,	0,	NULL,	NULL,	NULL,	NULL),
(0,	10,	4,	NULL,	0,	NULL,	NULL,	NULL,	NULL),
(0,	10,	5,	NULL,	0,	NULL,	NULL,	NULL,	NULL),
(0,	10,	6,	NULL,	0,	NULL,	NULL,	NULL,	NULL),
(0,	10,	7,	NULL,	0,	NULL,	NULL,	NULL,	NULL),
(0,	10,	8,	NULL,	0,	NULL,	NULL,	NULL,	NULL),
(0,	10,	9,	NULL,	0,	NULL,	NULL,	NULL,	NULL),
(0,	10,	10,	NULL,	0,	NULL,	NULL,	NULL,	NULL),
(0,	10,	11,	NULL,	0,	NULL,	NULL,	NULL,	NULL),
(0,	10,	12,	NULL,	0,	NULL,	NULL,	NULL,	NULL),
(0,	10,	13,	NULL,	0,	NULL,	NULL,	NULL,	NULL),
(0,	10,	14,	NULL,	0,	NULL,	NULL,	NULL,	NULL),
(0,	10,	15,	NULL,	0,	NULL,	NULL,	NULL,	NULL),
(0,	10,	16,	NULL,	0,	NULL,	NULL,	NULL,	NULL),
(0,	10,	17,	NULL,	0,	NULL,	NULL,	NULL,	NULL),
(0,	10,	18,	NULL,	0,	NULL,	NULL,	NULL,	NULL),
(0,	10,	19,	NULL,	0,	NULL,	NULL,	NULL,	NULL),
(0,	10,	20,	NULL,	1,	NULL,	NULL,	NULL,	NULL),
(0,	10,	21,	NULL,	0,	NULL,	NULL,	NULL,	NULL),
(0,	10,	22,	NULL,	1,	NULL,	NULL,	NULL,	NULL),
(0,	10,	23,	NULL,	0,	NULL,	NULL,	NULL,	NULL),
(0,	10,	24,	NULL,	0,	NULL,	NULL,	NULL,	NULL),
(0,	10,	25,	NULL,	1,	NULL,	NULL,	NULL,	NULL),
(0,	10,	26,	NULL,	1,	NULL,	NULL,	NULL,	NULL),
(0,	10,	27,	NULL,	0,	NULL,	NULL,	NULL,	NULL),
(0,	10,	28,	NULL,	1,	NULL,	NULL,	NULL,	NULL),
(0,	10,	29,	NULL,	0,	NULL,	NULL,	NULL,	NULL),
(0,	10,	30,	NULL,	0,	NULL,	NULL,	NULL,	NULL),
(0,	10,	31,	NULL,	0,	NULL,	NULL,	NULL,	NULL),
(0,	10,	32,	NULL,	1,	NULL,	NULL,	NULL,	NULL),
(0,	10,	33,	NULL,	0,	NULL,	NULL,	NULL,	NULL),
(0,	10,	34,	NULL,	0,	NULL,	NULL,	NULL,	NULL),
(0,	10,	35,	NULL,	0,	NULL,	NULL,	NULL,	NULL),
(0,	10,	36,	NULL,	0,	NULL,	NULL,	NULL,	NULL),
(0,	10,	37,	NULL,	0,	NULL,	NULL,	NULL,	NULL),
(0,	10,	38,	NULL,	0,	NULL,	NULL,	NULL,	NULL),
(0,	10,	39,	NULL,	0,	NULL,	NULL,	NULL,	NULL),
(0,	10,	40,	NULL,	0,	NULL,	NULL,	NULL,	NULL),
(0,	10,	41,	NULL,	0,	NULL,	NULL,	NULL,	NULL),
(0,	10,	42,	NULL,	0,	NULL,	NULL,	NULL,	NULL),
(0,	10,	43,	NULL,	0,	NULL,	NULL,	NULL,	NULL),
(0,	10,	44,	NULL,	0,	NULL,	NULL,	NULL,	NULL),
(0,	10,	45,	NULL,	0,	NULL,	NULL,	NULL,	NULL),
(0,	10,	46,	NULL,	0,	NULL,	NULL,	NULL,	NULL),
(0,	10,	47,	NULL,	0,	NULL,	NULL,	NULL,	NULL),
(0,	10,	48,	NULL,	0,	NULL,	NULL,	NULL,	NULL),
(0,	10,	49,	NULL,	0,	NULL,	NULL,	NULL,	NULL),
(0,	10,	50,	NULL,	0,	NULL,	NULL,	NULL,	NULL),
(0,	11,	1,	NULL,	1,	NULL,	NULL,	NULL,	NULL),
(0,	11,	2,	NULL,	1,	NULL,	NULL,	NULL,	NULL),
(0,	11,	3,	NULL,	0,	NULL,	NULL,	NULL,	NULL),
(0,	11,	4,	NULL,	1,	NULL,	NULL,	NULL,	NULL),
(0,	11,	5,	NULL,	1,	NULL,	NULL,	NULL,	NULL),
(0,	11,	6,	NULL,	1,	NULL,	NULL,	NULL,	NULL),
(0,	11,	7,	NULL,	1,	NULL,	NULL,	NULL,	NULL),
(0,	11,	8,	NULL,	1,	NULL,	NULL,	NULL,	NULL),
(0,	11,	9,	NULL,	1,	NULL,	NULL,	NULL,	NULL),
(0,	11,	10,	NULL,	0,	NULL,	NULL,	NULL,	NULL),
(0,	11,	11,	NULL,	1,	NULL,	NULL,	NULL,	NULL),
(0,	11,	12,	NULL,	1,	NULL,	NULL,	NULL,	NULL),
(0,	11,	13,	NULL,	1,	NULL,	NULL,	NULL,	NULL),
(0,	11,	14,	NULL,	0,	NULL,	NULL,	NULL,	NULL),
(0,	11,	15,	NULL,	0,	NULL,	NULL,	NULL,	NULL),
(0,	11,	16,	NULL,	1,	NULL,	NULL,	NULL,	NULL),
(0,	11,	17,	NULL,	0,	NULL,	NULL,	NULL,	NULL),
(0,	11,	18,	NULL,	1,	NULL,	NULL,	NULL,	NULL),
(0,	11,	19,	NULL,	0,	NULL,	NULL,	NULL,	NULL),
(0,	11,	20,	NULL,	1,	NULL,	NULL,	NULL,	NULL),
(0,	11,	21,	NULL,	0,	NULL,	NULL,	NULL,	NULL),
(0,	11,	22,	NULL,	1,	NULL,	NULL,	NULL,	NULL),
(0,	11,	23,	NULL,	0,	NULL,	NULL,	NULL,	NULL),
(0,	11,	24,	NULL,	1,	NULL,	NULL,	NULL,	NULL),
(0,	11,	25,	NULL,	1,	NULL,	NULL,	NULL,	NULL),
(0,	11,	26,	NULL,	0,	NULL,	NULL,	NULL,	NULL),
(0,	11,	27,	NULL,	0,	NULL,	NULL,	NULL,	NULL),
(0,	11,	28,	NULL,	1,	NULL,	NULL,	NULL,	NULL),
(0,	11,	29,	NULL,	1,	NULL,	NULL,	NULL,	NULL),
(0,	11,	30,	NULL,	0,	NULL,	NULL,	NULL,	NULL),
(0,	11,	31,	NULL,	1,	NULL,	NULL,	NULL,	NULL),
(0,	11,	32,	NULL,	1,	NULL,	NULL,	NULL,	NULL),
(0,	11,	33,	NULL,	0,	NULL,	NULL,	NULL,	NULL),
(0,	11,	34,	NULL,	1,	NULL,	NULL,	NULL,	NULL),
(0,	11,	35,	NULL,	0,	NULL,	NULL,	NULL,	NULL),
(0,	11,	36,	NULL,	1,	NULL,	NULL,	NULL,	NULL),
(0,	11,	37,	NULL,	1,	NULL,	NULL,	NULL,	NULL),
(0,	11,	38,	NULL,	0,	NULL,	NULL,	NULL,	NULL),
(0,	11,	39,	NULL,	0,	NULL,	NULL,	NULL,	NULL),
(0,	11,	40,	NULL,	1,	NULL,	NULL,	NULL,	NULL),
(0,	11,	41,	NULL,	0,	NULL,	NULL,	NULL,	NULL),
(0,	11,	42,	NULL,	1,	NULL,	NULL,	NULL,	NULL),
(0,	11,	43,	NULL,	1,	NULL,	NULL,	NULL,	NULL),
(0,	11,	44,	NULL,	0,	NULL,	NULL,	NULL,	NULL),
(0,	11,	45,	NULL,	1,	NULL,	NULL,	NULL,	NULL),
(0,	11,	46,	NULL,	1,	NULL,	NULL,	NULL,	NULL),
(0,	11,	47,	NULL,	0,	NULL,	NULL,	NULL,	NULL),
(0,	11,	48,	NULL,	1,	NULL,	NULL,	NULL,	NULL),
(0,	11,	49,	NULL,	0,	NULL,	NULL,	NULL,	NULL),
(0,	11,	50,	NULL,	1,	NULL,	NULL,	NULL,	NULL),
(0,	12,	1,	0,	1,	NULL,	NULL,	NULL,	NULL),
(0,	12,	1,	1,	1,	NULL,	NULL,	NULL,	NULL),
(0,	12,	1,	2,	1,	NULL,	NULL,	NULL,	NULL),
(0,	12,	2,	0,	1,	NULL,	NULL,	NULL,	NULL),
(0,	12,	2,	1,	1,	NULL,	NULL,	NULL,	NULL),
(0,	12,	2,	2,	1,	NULL,	NULL,	NULL,	NULL),
(0,	12,	2,	3,	1,	NULL,	NULL,	NULL,	NULL),
(0,	12,	2,	4,	1,	NULL,	NULL,	NULL,	NULL),
(0,	12,	3,	0,	1,	NULL,	NULL,	NULL,	NULL),
(0,	12,	3,	1,	1,	NULL,	NULL,	NULL,	NULL),
(0,	12,	3,	3,	1,	NULL,	NULL,	NULL,	NULL),
(0,	12,	3,	4,	1,	NULL,	NULL,	NULL,	NULL),
(0,	12,	4,	0,	1,	NULL,	NULL,	NULL,	NULL),
(0,	12,	4,	1,	1,	NULL,	NULL,	NULL,	NULL),
(0,	12,	4,	2,	1,	NULL,	NULL,	NULL,	NULL),
(0,	12,	4,	3,	1,	NULL,	NULL,	NULL,	NULL),
(0,	12,	4,	4,	1,	NULL,	NULL,	NULL,	NULL),
(0,	12,	5,	2,	1,	NULL,	NULL,	NULL,	NULL),
(0,	12,	5,	3,	1,	NULL,	NULL,	NULL,	NULL),
(0,	12,	5,	4,	1,	NULL,	NULL,	NULL,	NULL),
(0,	12,	6,	0,	1,	NULL,	NULL,	NULL,	NULL),
(0,	12,	6,	1,	1,	NULL,	NULL,	NULL,	NULL),
(0,	12,	6,	2,	1,	NULL,	NULL,	NULL,	NULL),
(0,	12,	6,	3,	1,	NULL,	NULL,	NULL,	NULL),
(0,	12,	8,	0,	1,	NULL,	NULL,	NULL,	NULL),
(0,	12,	8,	1,	1,	NULL,	NULL,	NULL,	NULL),
(0,	12,	8,	4,	1,	NULL,	NULL,	NULL,	NULL),
(0,	12,	9,	0,	1,	NULL,	NULL,	NULL,	NULL),
(0,	12,	9,	3,	1,	NULL,	NULL,	NULL,	NULL),
(0,	12,	9,	4,	1,	NULL,	NULL,	NULL,	NULL),
(0,	12,	10,	0,	1,	NULL,	NULL,	NULL,	NULL),
(0,	12,	10,	1,	1,	NULL,	NULL,	NULL,	NULL),
(0,	12,	10,	2,	1,	NULL,	NULL,	NULL,	NULL),
(0,	12,	10,	3,	1,	NULL,	NULL,	NULL,	NULL),
(0,	12,	11,	1,	1,	NULL,	NULL,	NULL,	NULL),
(0,	12,	11,	2,	1,	NULL,	NULL,	NULL,	NULL),
(0,	12,	11,	3,	1,	NULL,	NULL,	NULL,	NULL),
(0,	12,	11,	4,	1,	NULL,	NULL,	NULL,	NULL),
(0,	12,	12,	1,	1,	NULL,	NULL,	NULL,	NULL),
(0,	12,	12,	2,	1,	NULL,	NULL,	NULL,	NULL),
(0,	12,	13,	0,	1,	NULL,	NULL,	NULL,	NULL),
(0,	12,	13,	1,	1,	NULL,	NULL,	NULL,	NULL),
(0,	12,	13,	2,	1,	NULL,	NULL,	NULL,	NULL),
(0,	12,	14,	0,	1,	NULL,	NULL,	NULL,	NULL),
(0,	12,	14,	1,	1,	NULL,	NULL,	NULL,	NULL),
(0,	12,	14,	3,	1,	NULL,	NULL,	NULL,	NULL),
(0,	12,	15,	0,	1,	NULL,	NULL,	NULL,	NULL),
(0,	12,	15,	1,	1,	NULL,	NULL,	NULL,	NULL),
(0,	12,	15,	3,	1,	NULL,	NULL,	NULL,	NULL),
(0,	12,	15,	4,	1,	NULL,	NULL,	NULL,	NULL),
(0,	12,	16,	2,	1,	NULL,	NULL,	NULL,	NULL),
(0,	12,	16,	3,	1,	NULL,	NULL,	NULL,	NULL),
(0,	12,	16,	4,	1,	NULL,	NULL,	NULL,	NULL),
(0,	12,	17,	1,	1,	NULL,	NULL,	NULL,	NULL),
(0,	12,	17,	2,	1,	NULL,	NULL,	NULL,	NULL),
(0,	12,	17,	3,	1,	NULL,	NULL,	NULL,	NULL),
(0,	12,	17,	4,	1,	NULL,	NULL,	NULL,	NULL),
(0,	12,	18,	0,	1,	NULL,	NULL,	NULL,	NULL),
(0,	12,	18,	1,	1,	NULL,	NULL,	NULL,	NULL),
(0,	12,	18,	2,	1,	NULL,	NULL,	NULL,	NULL),
(0,	12,	18,	4,	1,	NULL,	NULL,	NULL,	NULL),
(0,	12,	19,	0,	1,	NULL,	NULL,	NULL,	NULL),
(0,	12,	19,	1,	1,	NULL,	NULL,	NULL,	NULL),
(0,	12,	20,	0,	1,	NULL,	NULL,	NULL,	NULL),
(0,	12,	21,	0,	1,	NULL,	NULL,	NULL,	NULL),
(0,	12,	21,	2,	1,	NULL,	NULL,	NULL,	NULL),
(0,	12,	21,	4,	1,	NULL,	NULL,	NULL,	NULL),
(0,	12,	21,	5,	1,	NULL,	NULL,	NULL,	NULL),
(0,	12,	22,	2,	1,	NULL,	NULL,	NULL,	NULL),
(0,	12,	22,	3,	1,	NULL,	NULL,	NULL,	NULL),
(0,	12,	22,	4,	1,	NULL,	NULL,	NULL,	NULL),
(0,	12,	22,	5,	1,	NULL,	NULL,	NULL,	NULL),
(0,	12,	23,	3,	1,	NULL,	NULL,	NULL,	NULL),
(0,	12,	23,	4,	1,	NULL,	NULL,	NULL,	NULL),
(0,	12,	23,	6,	1,	NULL,	NULL,	NULL,	NULL),
(0,	12,	24,	0,	1,	NULL,	NULL,	NULL,	NULL),
(0,	12,	24,	2,	1,	NULL,	NULL,	NULL,	NULL),
(0,	12,	24,	3,	1,	NULL,	NULL,	NULL,	NULL),
(0,	12,	24,	5,	1,	NULL,	NULL,	NULL,	NULL),
(0,	12,	25,	2,	1,	NULL,	NULL,	NULL,	NULL),
(0,	12,	25,	5,	1,	NULL,	NULL,	NULL,	NULL),
(0,	12,	26,	0,	1,	NULL,	NULL,	NULL,	NULL),
(0,	12,	26,	2,	1,	NULL,	NULL,	NULL,	NULL),
(0,	12,	26,	5,	1,	NULL,	NULL,	NULL,	NULL),
(0,	12,	27,	0,	1,	NULL,	NULL,	NULL,	NULL),
(0,	12,	27,	3,	1,	NULL,	NULL,	NULL,	NULL),
(0,	12,	27,	5,	1,	NULL,	NULL,	NULL,	NULL),
(0,	12,	28,	0,	1,	NULL,	NULL,	NULL,	NULL),
(0,	12,	28,	3,	1,	NULL,	NULL,	NULL,	NULL),
(0,	12,	29,	5,	1,	NULL,	NULL,	NULL,	NULL),
(0,	12,	30,	3,	1,	NULL,	NULL,	NULL,	NULL),
(0,	12,	30,	4,	1,	NULL,	NULL,	NULL,	NULL),
(0,	12,	30,	5,	1,	NULL,	NULL,	NULL,	NULL),
(0,	12,	31,	0,	1,	NULL,	NULL,	NULL,	NULL),
(0,	12,	31,	3,	1,	NULL,	NULL,	NULL,	NULL),
(0,	12,	31,	4,	1,	NULL,	NULL,	NULL,	NULL),
(0,	12,	31,	5,	1,	NULL,	NULL,	NULL,	NULL),
(0,	12,	31,	6,	1,	NULL,	NULL,	NULL,	NULL),
(0,	12,	32,	0,	1,	NULL,	NULL,	NULL,	NULL),
(0,	12,	32,	4,	1,	NULL,	NULL,	NULL,	NULL),
(0,	12,	32,	5,	1,	NULL,	NULL,	NULL,	NULL),
(0,	12,	32,	6,	1,	NULL,	NULL,	NULL,	NULL),
(0,	12,	33,	0,	1,	NULL,	NULL,	NULL,	NULL),
(0,	12,	33,	4,	1,	NULL,	NULL,	NULL,	NULL),
(0,	12,	34,	0,	1,	NULL,	NULL,	NULL,	NULL),
(0,	12,	34,	3,	1,	NULL,	NULL,	NULL,	NULL),
(0,	12,	34,	4,	1,	NULL,	NULL,	NULL,	NULL),
(0,	12,	34,	5,	1,	NULL,	NULL,	NULL,	NULL),
(0,	12,	35,	3,	1,	NULL,	NULL,	NULL,	NULL),
(0,	12,	35,	4,	1,	NULL,	NULL,	NULL,	NULL),
(0,	12,	35,	5,	1,	NULL,	NULL,	NULL,	NULL),
(0,	12,	36,	3,	1,	NULL,	NULL,	NULL,	NULL),
(0,	12,	36,	4,	1,	NULL,	NULL,	NULL,	NULL),
(0,	12,	36,	5,	1,	NULL,	NULL,	NULL,	NULL),
(0,	12,	37,	3,	1,	NULL,	NULL,	NULL,	NULL),
(0,	12,	37,	4,	1,	NULL,	NULL,	NULL,	NULL),
(0,	12,	37,	5,	1,	NULL,	NULL,	NULL,	NULL),
(0,	12,	37,	6,	1,	NULL,	NULL,	NULL,	NULL),
(0,	12,	39,	5,	1,	NULL,	NULL,	NULL,	NULL),
(0,	12,	39,	6,	1,	NULL,	NULL,	NULL,	NULL),
(0,	12,	40,	3,	1,	NULL,	NULL,	NULL,	NULL),
(0,	12,	40,	4,	1,	NULL,	NULL,	NULL,	NULL),
(0,	12,	40,	5,	1,	NULL,	NULL,	NULL,	NULL),
(0,	12,	41,	3,	1,	NULL,	NULL,	NULL,	NULL),
(0,	12,	41,	4,	1,	NULL,	NULL,	NULL,	NULL),
(0,	12,	41,	5,	1,	NULL,	NULL,	NULL,	NULL),
(0,	12,	41,	6,	1,	NULL,	NULL,	NULL,	NULL),
(0,	12,	42,	3,	1,	NULL,	NULL,	NULL,	NULL),
(0,	12,	42,	4,	1,	NULL,	NULL,	NULL,	NULL),
(0,	12,	42,	5,	1,	NULL,	NULL,	NULL,	NULL),
(0,	12,	42,	6,	1,	NULL,	NULL,	NULL,	NULL),
(0,	12,	43,	5,	1,	NULL,	NULL,	NULL,	NULL),
(0,	12,	44,	5,	1,	NULL,	NULL,	NULL,	NULL),
(0,	12,	45,	3,	1,	NULL,	NULL,	NULL,	NULL),
(0,	12,	45,	4,	1,	NULL,	NULL,	NULL,	NULL),
(0,	12,	46,	3,	1,	NULL,	NULL,	NULL,	NULL),
(0,	12,	46,	4,	1,	NULL,	NULL,	NULL,	NULL),
(0,	12,	46,	5,	1,	NULL,	NULL,	NULL,	NULL),
(0,	12,	47,	3,	1,	NULL,	NULL,	NULL,	NULL),
(0,	12,	47,	5,	1,	NULL,	NULL,	NULL,	NULL),
(0,	12,	47,	6,	1,	NULL,	NULL,	NULL,	NULL),
(0,	12,	48,	5,	1,	NULL,	NULL,	NULL,	NULL),
(0,	12,	50,	5,	1,	NULL,	NULL,	NULL,	NULL),
(0,	13,	9,	0,	1,	NULL,	NULL,	NULL,	NULL),
(0,	13,	14,	0,	1,	NULL,	NULL,	NULL,	NULL),
(0,	13,	14,	3,	1,	NULL,	NULL,	NULL,	NULL),
(0,	13,	14,	7,	1,	NULL,	NULL,	NULL,	NULL),
(0,	13,	15,	0,	1,	NULL,	NULL,	NULL,	NULL),
(0,	13,	16,	3,	1,	NULL,	NULL,	NULL,	NULL),
(0,	13,	16,	7,	1,	NULL,	NULL,	NULL,	NULL),
(0,	13,	17,	0,	1,	NULL,	NULL,	NULL,	NULL),
(0,	13,	18,	0,	1,	NULL,	NULL,	NULL,	NULL),
(0,	13,	18,	1,	1,	NULL,	NULL,	NULL,	NULL),
(0,	13,	18,	3,	1,	NULL,	NULL,	NULL,	NULL),
(0,	13,	18,	7,	1,	NULL,	NULL,	NULL,	NULL),
(0,	13,	20,	0,	1,	NULL,	NULL,	NULL,	NULL),
(0,	13,	20,	1,	1,	NULL,	NULL,	NULL,	NULL),
(0,	13,	20,	3,	1,	NULL,	NULL,	NULL,	NULL),
(0,	13,	21,	0,	1,	NULL,	NULL,	NULL,	NULL),
(0,	13,	22,	1,	1,	NULL,	NULL,	NULL,	NULL),
(0,	13,	22,	3,	1,	NULL,	NULL,	NULL,	NULL),
(0,	13,	22,	5,	1,	NULL,	NULL,	NULL,	NULL),
(0,	13,	24,	0,	1,	NULL,	NULL,	NULL,	NULL),
(0,	13,	24,	1,	1,	NULL,	NULL,	NULL,	NULL),
(0,	13,	24,	2,	1,	NULL,	NULL,	NULL,	NULL),
(0,	13,	24,	3,	1,	NULL,	NULL,	NULL,	NULL),
(0,	13,	24,	4,	1,	NULL,	NULL,	NULL,	NULL),
(0,	13,	24,	5,	1,	NULL,	NULL,	NULL,	NULL),
(0,	13,	24,	7,	1,	NULL,	NULL,	NULL,	NULL),
(0,	13,	25,	0,	1,	NULL,	NULL,	NULL,	NULL),
(0,	13,	25,	1,	1,	NULL,	NULL,	NULL,	NULL),
(0,	13,	25,	3,	1,	NULL,	NULL,	NULL,	NULL),
(0,	13,	26,	1,	1,	NULL,	NULL,	NULL,	NULL),
(0,	13,	26,	3,	1,	NULL,	NULL,	NULL,	NULL),
(0,	13,	26,	4,	1,	NULL,	NULL,	NULL,	NULL),
(0,	13,	26,	5,	1,	NULL,	NULL,	NULL,	NULL),
(0,	13,	26,	7,	1,	NULL,	NULL,	NULL,	NULL),
(0,	13,	27,	0,	1,	NULL,	NULL,	NULL,	NULL),
(0,	13,	28,	0,	1,	NULL,	NULL,	NULL,	NULL),
(0,	13,	28,	1,	1,	NULL,	NULL,	NULL,	NULL),
(0,	13,	28,	2,	1,	NULL,	NULL,	NULL,	NULL),
(0,	13,	28,	3,	1,	NULL,	NULL,	NULL,	NULL),
(0,	13,	28,	4,	1,	NULL,	NULL,	NULL,	NULL),
(0,	13,	28,	5,	1,	NULL,	NULL,	NULL,	NULL),
(0,	13,	28,	7,	1,	NULL,	NULL,	NULL,	NULL),
(0,	13,	29,	0,	1,	NULL,	NULL,	NULL,	NULL),
(0,	13,	29,	8,	1,	NULL,	NULL,	NULL,	NULL),
(0,	13,	30,	2,	1,	NULL,	NULL,	NULL,	NULL),
(0,	13,	30,	4,	1,	NULL,	NULL,	NULL,	NULL),
(0,	13,	30,	5,	1,	NULL,	NULL,	NULL,	NULL),
(0,	13,	31,	0,	1,	NULL,	NULL,	NULL,	NULL),
(0,	13,	32,	0,	1,	NULL,	NULL,	NULL,	NULL),
(0,	13,	33,	0,	1,	NULL,	NULL,	NULL,	NULL),
(0,	13,	35,	0,	1,	NULL,	NULL,	NULL,	NULL),
(0,	13,	37,	0,	1,	NULL,	NULL,	NULL,	NULL),
(0,	13,	40,	6,	1,	NULL,	NULL,	NULL,	NULL),
(0,	13,	41,	0,	1,	NULL,	NULL,	NULL,	NULL),
(0,	13,	42,	0,	1,	NULL,	NULL,	NULL,	NULL),
(0,	13,	42,	6,	1,	NULL,	NULL,	NULL,	NULL),
(0,	13,	43,	0,	1,	NULL,	NULL,	NULL,	NULL),
(0,	13,	43,	8,	1,	NULL,	NULL,	NULL,	NULL),
(0,	13,	46,	0,	1,	NULL,	NULL,	NULL,	NULL),
(0,	13,	47,	6,	1,	NULL,	NULL,	NULL,	NULL),
(0,	13,	48,	0,	1,	NULL,	NULL,	NULL,	NULL),
(0,	13,	49,	0,	1,	NULL,	NULL,	NULL,	NULL),
(0,	13,	49,	6,	1,	NULL,	NULL,	NULL,	NULL),
(0,	14,	1,	0,	1,	NULL,	NULL,	NULL,	NULL),
(0,	14,	1,	4,	1,	NULL,	NULL,	NULL,	NULL),
(0,	14,	1,	5,	1,	NULL,	NULL,	NULL,	NULL),
(0,	14,	2,	1,	1,	NULL,	NULL,	NULL,	NULL),
(0,	14,	2,	4,	1,	NULL,	NULL,	NULL,	NULL),
(0,	14,	3,	4,	1,	NULL,	NULL,	NULL,	NULL),
(0,	14,	4,	2,	1,	NULL,	NULL,	NULL,	NULL),
(0,	14,	4,	4,	1,	NULL,	NULL,	NULL,	NULL),
(0,	14,	5,	1,	1,	NULL,	NULL,	NULL,	NULL),
(0,	14,	5,	4,	1,	NULL,	NULL,	NULL,	NULL),
(0,	14,	5,	5,	1,	NULL,	NULL,	NULL,	NULL),
(0,	14,	6,	4,	1,	NULL,	NULL,	NULL,	NULL),
(0,	14,	7,	1,	1,	NULL,	NULL,	NULL,	NULL),
(0,	14,	7,	4,	1,	NULL,	NULL,	NULL,	NULL),
(0,	14,	7,	5,	1,	NULL,	NULL,	NULL,	NULL),
(0,	14,	8,	1,	1,	NULL,	NULL,	NULL,	NULL),
(0,	14,	8,	4,	1,	NULL,	NULL,	NULL,	NULL),
(0,	14,	8,	5,	1,	NULL,	NULL,	NULL,	NULL),
(0,	14,	9,	2,	1,	NULL,	NULL,	NULL,	NULL),
(0,	14,	9,	4,	1,	NULL,	NULL,	NULL,	NULL),
(0,	14,	9,	5,	1,	NULL,	NULL,	NULL,	NULL),
(0,	14,	10,	1,	1,	NULL,	NULL,	NULL,	NULL),
(0,	14,	10,	2,	1,	NULL,	NULL,	NULL,	NULL),
(0,	14,	10,	4,	1,	NULL,	NULL,	NULL,	NULL),
(0,	14,	10,	5,	1,	NULL,	NULL,	NULL,	NULL),
(0,	14,	11,	1,	1,	NULL,	NULL,	NULL,	NULL),
(0,	14,	11,	4,	1,	NULL,	NULL,	NULL,	NULL),
(0,	14,	11,	5,	1,	NULL,	NULL,	NULL,	NULL),
(0,	14,	12,	1,	1,	NULL,	NULL,	NULL,	NULL),
(0,	14,	12,	2,	1,	NULL,	NULL,	NULL,	NULL),
(0,	14,	12,	4,	1,	NULL,	NULL,	NULL,	NULL),
(0,	14,	12,	5,	1,	NULL,	NULL,	NULL,	NULL),
(0,	14,	13,	1,	1,	NULL,	NULL,	NULL,	NULL),
(0,	14,	13,	4,	1,	NULL,	NULL,	NULL,	NULL),
(0,	14,	13,	5,	1,	NULL,	NULL,	NULL,	NULL),
(0,	14,	14,	1,	1,	NULL,	NULL,	NULL,	NULL),
(0,	14,	14,	2,	1,	NULL,	NULL,	NULL,	NULL),
(0,	14,	14,	4,	1,	NULL,	NULL,	NULL,	NULL),
(0,	14,	14,	5,	1,	NULL,	NULL,	NULL,	NULL),
(0,	14,	15,	2,	1,	NULL,	NULL,	NULL,	NULL),
(0,	14,	15,	4,	1,	NULL,	NULL,	NULL,	NULL),
(0,	14,	15,	5,	1,	NULL,	NULL,	NULL,	NULL),
(0,	14,	16,	2,	1,	NULL,	NULL,	NULL,	NULL),
(0,	14,	16,	4,	1,	NULL,	NULL,	NULL,	NULL),
(0,	14,	16,	5,	1,	NULL,	NULL,	NULL,	NULL),
(0,	14,	16,	6,	1,	NULL,	NULL,	NULL,	NULL),
(0,	14,	17,	1,	1,	NULL,	NULL,	NULL,	NULL),
(0,	14,	17,	4,	1,	NULL,	NULL,	NULL,	NULL),
(0,	14,	17,	5,	1,	NULL,	NULL,	NULL,	NULL),
(0,	14,	18,	0,	1,	NULL,	NULL,	NULL,	NULL),
(0,	14,	18,	4,	1,	NULL,	NULL,	NULL,	NULL),
(0,	14,	18,	5,	1,	NULL,	NULL,	NULL,	NULL),
(0,	14,	19,	0,	1,	NULL,	NULL,	NULL,	NULL),
(0,	14,	19,	1,	1,	NULL,	NULL,	NULL,	NULL),
(0,	14,	19,	2,	1,	NULL,	NULL,	NULL,	NULL),
(0,	14,	19,	4,	1,	NULL,	NULL,	NULL,	NULL),
(0,	14,	19,	5,	1,	NULL,	NULL,	NULL,	NULL),
(0,	14,	19,	6,	1,	NULL,	NULL,	NULL,	NULL),
(0,	14,	20,	0,	1,	NULL,	NULL,	NULL,	NULL),
(0,	14,	20,	1,	1,	NULL,	NULL,	NULL,	NULL),
(0,	14,	20,	2,	1,	NULL,	NULL,	NULL,	NULL),
(0,	14,	20,	4,	1,	NULL,	NULL,	NULL,	NULL),
(0,	14,	20,	5,	1,	NULL,	NULL,	NULL,	NULL),
(0,	14,	21,	0,	1,	NULL,	NULL,	NULL,	NULL),
(0,	14,	21,	1,	1,	NULL,	NULL,	NULL,	NULL),
(0,	14,	21,	2,	1,	NULL,	NULL,	NULL,	NULL),
(0,	14,	21,	4,	1,	NULL,	NULL,	NULL,	NULL),
(0,	14,	21,	5,	1,	NULL,	NULL,	NULL,	NULL),
(0,	14,	21,	6,	1,	NULL,	NULL,	NULL,	NULL),
(0,	14,	22,	2,	1,	NULL,	NULL,	NULL,	NULL),
(0,	14,	22,	3,	1,	NULL,	NULL,	NULL,	NULL),
(0,	14,	22,	4,	1,	NULL,	NULL,	NULL,	NULL),
(0,	14,	22,	5,	1,	NULL,	NULL,	NULL,	NULL),
(0,	14,	23,	0,	1,	NULL,	NULL,	NULL,	NULL),
(0,	14,	23,	1,	1,	NULL,	NULL,	NULL,	NULL),
(0,	14,	23,	4,	1,	NULL,	NULL,	NULL,	NULL),
(0,	14,	23,	6,	1,	NULL,	NULL,	NULL,	NULL),
(0,	14,	24,	0,	1,	NULL,	NULL,	NULL,	NULL),
(0,	14,	24,	3,	1,	NULL,	NULL,	NULL,	NULL),
(0,	14,	24,	4,	1,	NULL,	NULL,	NULL,	NULL),
(0,	14,	24,	6,	1,	NULL,	NULL,	NULL,	NULL),
(0,	14,	24,	7,	1,	NULL,	NULL,	NULL,	NULL),
(0,	14,	25,	2,	1,	NULL,	NULL,	NULL,	NULL),
(0,	14,	25,	3,	1,	NULL,	NULL,	NULL,	NULL),
(0,	14,	25,	4,	1,	NULL,	NULL,	NULL,	NULL),
(0,	14,	25,	5,	1,	NULL,	NULL,	NULL,	NULL),
(0,	14,	26,	1,	1,	NULL,	NULL,	NULL,	NULL),
(0,	14,	26,	2,	1,	NULL,	NULL,	NULL,	NULL),
(0,	14,	26,	3,	1,	NULL,	NULL,	NULL,	NULL),
(0,	14,	26,	4,	1,	NULL,	NULL,	NULL,	NULL),
(0,	14,	26,	5,	1,	NULL,	NULL,	NULL,	NULL),
(0,	14,	26,	7,	1,	NULL,	NULL,	NULL,	NULL),
(0,	14,	27,	1,	1,	NULL,	NULL,	NULL,	NULL),
(0,	14,	27,	2,	1,	NULL,	NULL,	NULL,	NULL),
(0,	14,	27,	3,	1,	NULL,	NULL,	NULL,	NULL),
(0,	14,	27,	4,	1,	NULL,	NULL,	NULL,	NULL),
(0,	14,	27,	5,	1,	NULL,	NULL,	NULL,	NULL),
(0,	14,	27,	7,	1,	NULL,	NULL,	NULL,	NULL),
(0,	14,	28,	0,	1,	NULL,	NULL,	NULL,	NULL),
(0,	14,	28,	1,	1,	NULL,	NULL,	NULL,	NULL),
(0,	14,	28,	2,	1,	NULL,	NULL,	NULL,	NULL),
(0,	14,	28,	3,	1,	NULL,	NULL,	NULL,	NULL),
(0,	14,	28,	4,	1,	NULL,	NULL,	NULL,	NULL),
(0,	14,	28,	5,	1,	NULL,	NULL,	NULL,	NULL),
(0,	14,	28,	6,	1,	NULL,	NULL,	NULL,	NULL),
(0,	14,	29,	0,	1,	NULL,	NULL,	NULL,	NULL),
(0,	14,	29,	1,	1,	NULL,	NULL,	NULL,	NULL),
(0,	14,	29,	4,	1,	NULL,	NULL,	NULL,	NULL),
(0,	14,	30,	2,	1,	NULL,	NULL,	NULL,	NULL),
(0,	14,	30,	3,	1,	NULL,	NULL,	NULL,	NULL),
(0,	14,	30,	4,	1,	NULL,	NULL,	NULL,	NULL),
(0,	14,	30,	5,	1,	NULL,	NULL,	NULL,	NULL),
(0,	14,	30,	6,	1,	NULL,	NULL,	NULL,	NULL),
(0,	14,	31,	1,	1,	NULL,	NULL,	NULL,	NULL),
(0,	14,	31,	2,	1,	NULL,	NULL,	NULL,	NULL),
(0,	14,	31,	5,	1,	NULL,	NULL,	NULL,	NULL),
(0,	14,	32,	0,	1,	NULL,	NULL,	NULL,	NULL),
(0,	14,	32,	1,	1,	NULL,	NULL,	NULL,	NULL),
(0,	14,	32,	2,	1,	NULL,	NULL,	NULL,	NULL),
(0,	14,	32,	3,	1,	NULL,	NULL,	NULL,	NULL),
(0,	14,	32,	4,	1,	NULL,	NULL,	NULL,	NULL),
(0,	14,	32,	5,	1,	NULL,	NULL,	NULL,	NULL),
(0,	14,	32,	6,	1,	NULL,	NULL,	NULL,	NULL),
(0,	14,	32,	7,	1,	NULL,	NULL,	NULL,	NULL),
(0,	14,	33,	0,	1,	NULL,	NULL,	NULL,	NULL),
(0,	14,	33,	2,	1,	NULL,	NULL,	NULL,	NULL),
(0,	14,	33,	4,	1,	NULL,	NULL,	NULL,	NULL),
(0,	14,	33,	5,	1,	NULL,	NULL,	NULL,	NULL),
(0,	14,	34,	1,	1,	NULL,	NULL,	NULL,	NULL),
(0,	14,	34,	3,	1,	NULL,	NULL,	NULL,	NULL),
(0,	14,	34,	4,	1,	NULL,	NULL,	NULL,	NULL),
(0,	14,	34,	7,	1,	NULL,	NULL,	NULL,	NULL),
(0,	14,	35,	2,	1,	NULL,	NULL,	NULL,	NULL),
(0,	14,	35,	4,	1,	NULL,	NULL,	NULL,	NULL),
(0,	14,	35,	5,	1,	NULL,	NULL,	NULL,	NULL),
(0,	14,	36,	0,	1,	NULL,	NULL,	NULL,	NULL),
(0,	14,	36,	2,	1,	NULL,	NULL,	NULL,	NULL),
(0,	14,	36,	5,	1,	NULL,	NULL,	NULL,	NULL),
(0,	14,	36,	7,	1,	NULL,	NULL,	NULL,	NULL),
(0,	14,	37,	1,	1,	NULL,	NULL,	NULL,	NULL),
(0,	14,	37,	2,	1,	NULL,	NULL,	NULL,	NULL),
(0,	14,	37,	4,	1,	NULL,	NULL,	NULL,	NULL),
(0,	14,	37,	5,	1,	NULL,	NULL,	NULL,	NULL),
(0,	14,	38,	1,	1,	NULL,	NULL,	NULL,	NULL),
(0,	14,	38,	4,	1,	NULL,	NULL,	NULL,	NULL),
(0,	14,	38,	7,	1,	NULL,	NULL,	NULL,	NULL),
(0,	14,	39,	1,	1,	NULL,	NULL,	NULL,	NULL),
(0,	14,	39,	2,	1,	NULL,	NULL,	NULL,	NULL),
(0,	14,	39,	4,	1,	NULL,	NULL,	NULL,	NULL),
(0,	14,	39,	5,	1,	NULL,	NULL,	NULL,	NULL),
(0,	14,	40,	1,	1,	NULL,	NULL,	NULL,	NULL),
(0,	14,	40,	2,	1,	NULL,	NULL,	NULL,	NULL),
(0,	14,	40,	5,	1,	NULL,	NULL,	NULL,	NULL),
(0,	14,	40,	7,	1,	NULL,	NULL,	NULL,	NULL),
(0,	14,	41,	1,	1,	NULL,	NULL,	NULL,	NULL),
(0,	14,	41,	2,	1,	NULL,	NULL,	NULL,	NULL),
(0,	14,	41,	4,	1,	NULL,	NULL,	NULL,	NULL),
(0,	14,	41,	7,	1,	NULL,	NULL,	NULL,	NULL),
(0,	14,	42,	4,	1,	NULL,	NULL,	NULL,	NULL),
(0,	14,	42,	5,	1,	NULL,	NULL,	NULL,	NULL),
(0,	14,	43,	2,	1,	NULL,	NULL,	NULL,	NULL),
(0,	14,	43,	5,	1,	NULL,	NULL,	NULL,	NULL),
(0,	14,	44,	2,	1,	NULL,	NULL,	NULL,	NULL),
(0,	14,	44,	4,	1,	NULL,	NULL,	NULL,	NULL),
(0,	14,	45,	1,	1,	NULL,	NULL,	NULL,	NULL),
(0,	14,	45,	5,	1,	NULL,	NULL,	NULL,	NULL),
(0,	14,	46,	1,	1,	NULL,	NULL,	NULL,	NULL),
(0,	14,	46,	2,	1,	NULL,	NULL,	NULL,	NULL),
(0,	14,	46,	4,	1,	NULL,	NULL,	NULL,	NULL),
(0,	14,	46,	5,	1,	NULL,	NULL,	NULL,	NULL),
(0,	14,	47,	1,	1,	NULL,	NULL,	NULL,	NULL),
(0,	14,	47,	2,	1,	NULL,	NULL,	NULL,	NULL),
(0,	14,	47,	4,	1,	NULL,	NULL,	NULL,	NULL),
(0,	14,	48,	1,	1,	NULL,	NULL,	NULL,	NULL),
(0,	14,	48,	2,	1,	NULL,	NULL,	NULL,	NULL),
(0,	14,	48,	4,	1,	NULL,	NULL,	NULL,	NULL),
(0,	14,	50,	1,	1,	NULL,	NULL,	NULL,	NULL),
(0,	14,	50,	2,	1,	NULL,	NULL,	NULL,	NULL),
(0,	14,	50,	4,	1,	NULL,	NULL,	NULL,	NULL),
(0,	15,	1,	NULL,	0,	NULL,	NULL,	NULL,	NULL),
(0,	15,	2,	NULL,	0,	NULL,	NULL,	NULL,	NULL),
(0,	15,	3,	NULL,	0,	NULL,	NULL,	NULL,	NULL),
(0,	15,	4,	NULL,	0,	NULL,	NULL,	NULL,	NULL),
(0,	15,	5,	NULL,	0,	NULL,	NULL,	NULL,	NULL),
(0,	15,	6,	NULL,	0,	NULL,	NULL,	NULL,	NULL),
(0,	15,	7,	NULL,	0,	NULL,	NULL,	NULL,	NULL),
(0,	15,	8,	NULL,	0,	NULL,	NULL,	NULL,	NULL),
(0,	15,	9,	NULL,	0,	NULL,	NULL,	NULL,	NULL),
(0,	15,	10,	NULL,	1,	NULL,	NULL,	NULL,	NULL),
(0,	15,	11,	NULL,	0,	NULL,	NULL,	NULL,	NULL),
(0,	15,	12,	NULL,	1,	NULL,	NULL,	NULL,	NULL),
(0,	15,	14,	NULL,	1,	NULL,	NULL,	NULL,	NULL),
(0,	15,	15,	NULL,	1,	NULL,	NULL,	NULL,	NULL),
(0,	15,	16,	NULL,	0,	NULL,	NULL,	NULL,	NULL),
(0,	15,	17,	NULL,	1,	NULL,	NULL,	NULL,	NULL),
(0,	15,	18,	NULL,	1,	NULL,	NULL,	NULL,	NULL),
(0,	15,	19,	NULL,	0,	NULL,	NULL,	NULL,	NULL),
(0,	15,	20,	NULL,	1,	NULL,	NULL,	NULL,	NULL),
(0,	15,	21,	NULL,	0,	NULL,	NULL,	NULL,	NULL),
(0,	15,	22,	NULL,	1,	NULL,	NULL,	NULL,	NULL),
(0,	15,	23,	NULL,	0,	NULL,	NULL,	NULL,	NULL),
(0,	15,	24,	NULL,	1,	NULL,	NULL,	NULL,	NULL),
(0,	15,	25,	NULL,	1,	NULL,	NULL,	NULL,	NULL),
(0,	15,	26,	NULL,	1,	NULL,	NULL,	NULL,	NULL),
(0,	15,	27,	NULL,	1,	NULL,	NULL,	NULL,	NULL),
(0,	15,	28,	NULL,	1,	NULL,	NULL,	NULL,	NULL),
(0,	15,	29,	NULL,	1,	NULL,	NULL,	NULL,	NULL),
(0,	15,	30,	NULL,	0,	NULL,	NULL,	NULL,	NULL),
(0,	15,	31,	NULL,	1,	NULL,	NULL,	NULL,	NULL),
(0,	15,	32,	NULL,	0,	NULL,	NULL,	NULL,	NULL),
(0,	15,	33,	NULL,	1,	NULL,	NULL,	NULL,	NULL),
(0,	15,	34,	NULL,	1,	NULL,	NULL,	NULL,	NULL),
(0,	15,	36,	NULL,	1,	NULL,	NULL,	NULL,	NULL),
(0,	15,	37,	NULL,	1,	NULL,	NULL,	NULL,	NULL),
(0,	15,	38,	NULL,	0,	NULL,	NULL,	NULL,	NULL),
(0,	15,	39,	NULL,	0,	NULL,	NULL,	NULL,	NULL),
(0,	15,	41,	NULL,	0,	NULL,	NULL,	NULL,	NULL),
(0,	15,	42,	NULL,	1,	NULL,	NULL,	NULL,	NULL),
(0,	15,	43,	NULL,	0,	NULL,	NULL,	NULL,	NULL),
(0,	15,	44,	NULL,	1,	NULL,	NULL,	NULL,	NULL),
(0,	15,	45,	NULL,	0,	NULL,	NULL,	NULL,	NULL),
(0,	15,	46,	NULL,	0,	NULL,	NULL,	NULL,	NULL),
(0,	15,	47,	NULL,	0,	NULL,	NULL,	NULL,	NULL),
(0,	15,	50,	NULL,	0,	NULL,	NULL,	NULL,	NULL),
(0,	16,	2,	NULL,	NULL,	0,	NULL,	NULL,	NULL),
(0,	16,	3,	NULL,	NULL,	0,	NULL,	NULL,	NULL),
(0,	16,	4,	NULL,	NULL,	1,	NULL,	NULL,	NULL),
(0,	16,	5,	NULL,	NULL,	0,	NULL,	NULL,	NULL),
(0,	16,	7,	NULL,	NULL,	0,	NULL,	NULL,	NULL),
(0,	16,	9,	NULL,	NULL,	0,	NULL,	NULL,	NULL),
(0,	16,	11,	NULL,	NULL,	1,	NULL,	NULL,	NULL),
(0,	16,	12,	NULL,	NULL,	2,	NULL,	NULL,	NULL),
(0,	16,	13,	NULL,	NULL,	1,	NULL,	NULL,	NULL),
(0,	16,	14,	NULL,	NULL,	2,	NULL,	NULL,	NULL),
(0,	16,	15,	NULL,	NULL,	1,	NULL,	NULL,	NULL),
(0,	16,	16,	NULL,	NULL,	2,	NULL,	NULL,	NULL),
(0,	16,	17,	NULL,	NULL,	3,	NULL,	NULL,	NULL),
(0,	16,	18,	NULL,	NULL,	2,	NULL,	NULL,	NULL),
(0,	16,	19,	NULL,	NULL,	1,	NULL,	NULL,	NULL),
(0,	16,	20,	NULL,	NULL,	0,	NULL,	NULL,	NULL),
(0,	16,	21,	NULL,	NULL,	1,	NULL,	NULL,	NULL),
(0,	16,	23,	NULL,	NULL,	1,	NULL,	NULL,	NULL),
(0,	16,	24,	NULL,	NULL,	1,	NULL,	NULL,	NULL),
(0,	16,	25,	NULL,	NULL,	0,	NULL,	NULL,	NULL),
(0,	16,	27,	NULL,	NULL,	5,	NULL,	NULL,	NULL),
(0,	16,	28,	NULL,	NULL,	0,	NULL,	NULL,	NULL),
(0,	16,	29,	NULL,	NULL,	1,	NULL,	NULL,	NULL),
(0,	16,	30,	NULL,	NULL,	1,	NULL,	NULL,	NULL),
(0,	16,	31,	NULL,	NULL,	1,	NULL,	NULL,	NULL),
(0,	16,	32,	NULL,	NULL,	0,	NULL,	NULL,	NULL),
(0,	16,	33,	NULL,	NULL,	1,	NULL,	NULL,	NULL),
(0,	16,	34,	NULL,	NULL,	2,	NULL,	NULL,	NULL),
(0,	16,	35,	NULL,	NULL,	1,	NULL,	NULL,	NULL),
(0,	16,	36,	NULL,	NULL,	2,	NULL,	NULL,	NULL),
(0,	16,	37,	NULL,	NULL,	1,	NULL,	NULL,	NULL),
(0,	16,	38,	NULL,	NULL,	1,	NULL,	NULL,	NULL),
(0,	16,	39,	NULL,	NULL,	1,	NULL,	NULL,	NULL),
(0,	16,	41,	NULL,	NULL,	1,	NULL,	NULL,	NULL),
(0,	16,	42,	NULL,	NULL,	0,	NULL,	NULL,	NULL),
(0,	16,	44,	NULL,	NULL,	1,	NULL,	NULL,	NULL),
(0,	16,	46,	NULL,	NULL,	1,	NULL,	NULL,	NULL),
(0,	16,	47,	NULL,	NULL,	1,	NULL,	NULL,	NULL),
(0,	16,	48,	NULL,	NULL,	1,	NULL,	NULL,	NULL),
(0,	16,	49,	NULL,	NULL,	1,	NULL,	NULL,	NULL),
(0,	17,	1,	1,	NULL,	NULL,	NULL,	NULL,	NULL),
(0,	17,	2,	1,	NULL,	NULL,	NULL,	NULL,	NULL),
(0,	17,	3,	1,	NULL,	NULL,	NULL,	NULL,	NULL),
(0,	17,	4,	0,	NULL,	NULL,	NULL,	NULL,	NULL),
(0,	17,	5,	1,	NULL,	NULL,	NULL,	NULL,	NULL),
(0,	17,	6,	1,	NULL,	NULL,	NULL,	NULL,	NULL),
(0,	17,	7,	1,	NULL,	NULL,	NULL,	NULL,	NULL),
(0,	17,	8,	1,	NULL,	NULL,	NULL,	NULL,	NULL),
(0,	17,	9,	1,	NULL,	NULL,	NULL,	NULL,	NULL),
(0,	17,	10,	1,	NULL,	NULL,	NULL,	NULL,	NULL),
(0,	17,	11,	0,	NULL,	NULL,	NULL,	NULL,	NULL),
(0,	17,	12,	2,	NULL,	NULL,	NULL,	NULL,	NULL),
(0,	17,	13,	0,	NULL,	NULL,	NULL,	NULL,	NULL),
(0,	17,	14,	2,	NULL,	NULL,	NULL,	NULL,	NULL),
(0,	17,	15,	0,	NULL,	NULL,	NULL,	NULL,	NULL),
(0,	17,	16,	2,	NULL,	NULL,	NULL,	NULL,	NULL),
(0,	17,	17,	3,	NULL,	NULL,	NULL,	NULL,	NULL),
(0,	17,	18,	2,	NULL,	NULL,	NULL,	NULL,	NULL),
(0,	17,	19,	0,	NULL,	NULL,	NULL,	NULL,	NULL),
(0,	17,	20,	1,	NULL,	NULL,	NULL,	NULL,	NULL),
(0,	17,	22,	1,	NULL,	NULL,	NULL,	NULL,	NULL),
(0,	17,	23,	2,	NULL,	NULL,	NULL,	NULL,	NULL),
(0,	17,	24,	0,	NULL,	NULL,	NULL,	NULL,	NULL),
(0,	17,	25,	1,	NULL,	NULL,	NULL,	NULL,	NULL),
(0,	17,	26,	1,	NULL,	NULL,	NULL,	NULL,	NULL),
(0,	17,	27,	3,	NULL,	NULL,	NULL,	NULL,	NULL),
(0,	17,	28,	1,	NULL,	NULL,	NULL,	NULL,	NULL),
(0,	17,	29,	2,	NULL,	NULL,	NULL,	NULL,	NULL),
(0,	17,	30,	2,	NULL,	NULL,	NULL,	NULL,	NULL),
(0,	17,	31,	0,	NULL,	NULL,	NULL,	NULL,	NULL),
(0,	17,	32,	1,	NULL,	NULL,	NULL,	NULL,	NULL),
(0,	17,	33,	0,	NULL,	NULL,	NULL,	NULL,	NULL),
(0,	17,	34,	2,	NULL,	NULL,	NULL,	NULL,	NULL),
(0,	17,	35,	0,	NULL,	NULL,	NULL,	NULL,	NULL),
(0,	17,	36,	2,	NULL,	NULL,	NULL,	NULL,	NULL),
(0,	17,	37,	0,	NULL,	NULL,	NULL,	NULL,	NULL),
(0,	17,	38,	0,	NULL,	NULL,	NULL,	NULL,	NULL),
(0,	17,	39,	0,	NULL,	NULL,	NULL,	NULL,	NULL),
(0,	17,	40,	1,	NULL,	NULL,	NULL,	NULL,	NULL),
(0,	17,	42,	1,	NULL,	NULL,	NULL,	NULL,	NULL),
(0,	17,	43,	1,	NULL,	NULL,	NULL,	NULL,	NULL),
(0,	17,	44,	0,	NULL,	NULL,	NULL,	NULL,	NULL),
(0,	17,	45,	1,	NULL,	NULL,	NULL,	NULL,	NULL),
(0,	17,	46,	0,	NULL,	NULL,	NULL,	NULL,	NULL),
(0,	17,	47,	0,	NULL,	NULL,	NULL,	NULL,	NULL),
(0,	17,	48,	0,	NULL,	NULL,	NULL,	NULL,	NULL),
(0,	17,	49,	0,	NULL,	NULL,	NULL,	NULL,	NULL),
(0,	17,	50,	3,	NULL,	NULL,	NULL,	NULL,	NULL),
(0,	18,	1,	NULL,	NULL,	NULL,	NULL,	NULL,	'Jsou nkde v첵sledky?'),
(0,	18,	8,	NULL,	NULL,	NULL,	NULL,	NULL,	'na co to je?'),
(0,	18,	9,	NULL,	NULL,	NULL,	NULL,	NULL,	'Jakej typ hry je minecraft'),
(0,	18,	11,	NULL,	NULL,	NULL,	NULL,	NULL,	'zajmav첵'),
(0,	18,	13,	NULL,	NULL,	NULL,	NULL,	NULL,	'asi bych za videotutori찼ly i zaplatil, pokud by byly v찼탑n dobr첵, ale nar찼탑im na to jen obas'),
(0,	18,	14,	NULL,	NULL,	NULL,	NULL,	NULL,	'jo, nkdy kouknu na lynda.com'),
(0,	18,	15,	NULL,	NULL,	NULL,	NULL,	NULL,	'treehouse'),
(0,	18,	16,	NULL,	NULL,	NULL,	NULL,	NULL,	'to n찼s vysl첵ch찼 osa?'),
(0,	18,	17,	NULL,	NULL,	NULL,	NULL,	NULL,	'pokud je to anonymn챠, tak bych r찼da ekla, 탑e po챠ta킁m moc nerozumim'),
(0,	18,	18,	NULL,	NULL,	NULL,	NULL,	NULL,	'Jsou nkde v첵sledky?'),
(0,	18,	19,	NULL,	NULL,	NULL,	NULL,	NULL,	'Ta prvn챠 ot찼zky byla asi nejt탑큄챠'),
(0,	18,	21,	NULL,	NULL,	NULL,	NULL,	NULL,	'a co dotazy ohledn pir찼tsk챕 strany?'),
(0,	18,	23,	NULL,	NULL,	NULL,	NULL,	NULL,	'nejsem program찼torka'),
(0,	18,	24,	NULL,	NULL,	NULL,	NULL,	NULL,	'To je od svazu esk첵ch pir찼t킁?'),
(0,	18,	25,	NULL,	NULL,	NULL,	NULL,	NULL,	'Good:-)'),
(0,	18,	26,	NULL,	NULL,	NULL,	NULL,	NULL,	'Myslim 탑e to je docela zaj챠mav첵 sledovat kolik lid챠 um챠 stahovat filmy, hry a hudbu, dozvim se nkde v첵sledky?'),
(0,	18,	28,	NULL,	NULL,	NULL,	NULL,	NULL,	'moc se o poitae nezajmam'),
(0,	18,	31,	NULL,	NULL,	NULL,	NULL,	NULL,	'rapidshare u탑 je zavenej ne?'),
(0,	18,	32,	NULL,	NULL,	NULL,	NULL,	NULL,	'kde jsou RPG hry?'),
(0,	18,	33,	NULL,	NULL,	NULL,	NULL,	NULL,	'like'),
(0,	18,	34,	NULL,	NULL,	NULL,	NULL,	NULL,	'Jsem zvdavej kolik lid챠 nezn찼 ulo탑to'),
(0,	18,	35,	NULL,	NULL,	NULL,	NULL,	NULL,	':-)'),
(0,	18,	38,	NULL,	NULL,	NULL,	NULL,	NULL,	'Jsou nkde v첵sledky?'),
(0,	18,	40,	NULL,	NULL,	NULL,	NULL,	NULL,	'super'),
(0,	18,	41,	NULL,	NULL,	NULL,	NULL,	NULL,	'V첵sledky?'),
(0,	18,	45,	NULL,	NULL,	NULL,	NULL,	NULL,	'Na co to je?');

INSERT INTO `Executed` (`IdPerson`, `IdQuestionnaire`) VALUES
(1,	0),
(2,	0),
(3,	0),
(4,	0),
(5,	0),
(6,	0),
(7,	0),
(8,	0),
(9,	0),
(10,	0),
(11,	0),
(12,	0),
(13,	0),
(14,	0),
(15,	0),
(16,	0),
(17,	0),
(18,	0),
(19,	0),
(20,	0),
(21,	0),
(22,	0),
(23,	0),
(24,	0),
(25,	0),
(26,	0),
(27,	0),
(28,	0),
(29,	0),
(30,	0),
(31,	0),
(32,	0),
(33,	0),
(34,	0),
(35,	0),
(36,	0),
(37,	0),
(38,	0),
(39,	0),
(40,	0),
(41,	0),
(42,	0),
(43,	0),
(44,	0),
(45,	0),
(46,	0),
(47,	0),
(48,	0),
(49,	0),
(50,	0);